이카운트_품목코드,이카운트_품목명,카페24_매칭명,카페24_상품코드,카페24_품목코드,유사도
(1)100구조재A14,◈구조재 1*4 12자 (19*89) 원포,마감용 구조재인테리어등급 1” X 4” (19mm X 89mm),P0000BEL,P0000BEL000A,62.75
(1)100구조재A16,◈구조재 1*6 12자 (19*140) 원식스,마감용 구조재인테리어등급 1” X 6” (19mm X 140mm),P0000BEL,P0000BEL000B,62.96
(1)100구조재A18,◈구조재 1*8 12자 (19*184) 원에잇,마감용 구조재인테리어등급 1” X 8” (19mm X 184mm),P0000BEL,P0000BEL000C,62.96
(1)100구조재B110,◈구조재 1*10 12자 (19*235) 원텐,마감용 구조재인테리어등급 1” X 10” (19mm X 235mm),P0000BEL,P0000BEL000D,65.45
(1)100구조재B112,◈구조재 1*12 12자 (19*286) 원투엘브,마감용 구조재인테리어등급 1” X 12” (19mm X 286mm),P0000BEL,P0000BEL000E,63.16
(1)100구조재C22,◈구조재 2*2 12자 (38*38) 투투,마감용 구조재인테리어등급 2” X 10” (38mm X 235mm),P0000BEL,P0000BEL000K,58.33
(1)100구조재C24,◈구조재 2*4 12자 (38*89) 투포,마감용 구조재인테리어등급 2” X 4” (38mm X 89mm),P0000BEL,P0000BEL000H,62.75
(1)100구조재C26,◈구조재 2*6 12자 (38*140) 투식스,마감용 구조재인테리어등급 2” X 6” (38mm X 140mm),P0000BEL,P0000BEL000I,62.96
(1)100구조재C28,◈구조재 2*8 12자 (38*184) 투에잇,마감용 구조재인테리어등급 2” X 8” (38mm X 184mm),P0000BEL,P0000BEL000J,62.96
(1)100구조재D212,◈구조재 2*12 12자 (38*286) 투투엘브,마감용 구조재인테리어등급 2” X 12” (38mm X 286mm),P0000BEL,P0000BEL000L,63.16
(1)100구조재E70각,◈구조재 70*70 12자 ■(70각재),멀바우계단재 대봉 90 x 90 x 1200,P0000BFR,P0000BFR000D,50.0
(1)100구조재E90각,◈구조재 90*90 12자 ■4*4(90각재) 포포,마감용 구조재인테리어등급 1” X 4” (19mm X 89mm),P0000BEL,P0000BEL000A,54.9
(1)100라왕301400원,◈라왕 솔리드 ○원주목○ 30*1400,월넛 솔리드 집성판솔리드 30T x 920 x 1800,P0000BKZ,P0000BKZ000F,58.33
(1)100라왕심재,◈라왕 30*40*2100 (심재),"라왕각재라왕다루끼,한치각,심재,후지 라왕 30 x 40 x 2100 심재",P0000BGF,P0000BGF000B,100.0
(1)100라왕한치각,◈라왕 30*30*3600 (집성 한치각),"라왕각재라왕다루끼,한치각,심재,후지 라왕 30 x 30 x 3600 다루끼(한치각)",P0000BGF,P0000BGF000A,91.43
(1)100라왕후지,◈라왕 10*40*2100 (후지),"라왕각재라왕다루끼,한치각,심재,후지 라왕 10 x 40 x 2100 후지",P0000BGF,P0000BGF000C,100.0
(1)100목망꽃바둑1015,◈목망 꽃바둑살 10*15*600*1860,쏘노클린후로링 15 x 150 x 1820 (단판),P0000BJI,P0000BJI000B,54.17
(1)100목망캡,◈22*24*2000 캡(목망테두리),월넛 솔리드 집성판솔리드 20T x 1000 x 2400,P0000BKZ,P0000BKZ000C,53.06
(1)100미송루바8자,◈미송루바 12*120*8자 (8장) 펠레손,미송합판(유절)1220 x 2440mm 미송합판 4.8T,P0000BED,P0000BED000A,57.14
(1)100방부목1120,◈방부목 21*120*3600 데크(중),라치(낙엽송)21x95x3000데크재 라치 데크재 21 x 120 x 3600,P0000BVZ,P0000BVZ000G,74.29
(1)100방부목295,◈방부목 15*95*3600 데크(소),방부목각재/데크재 5” X 5” 크로바(120mm X 120mm),P0000BEI,P0000BEI000K,63.64
(1)100방부목3140,◈방부목 25*140*3600 데크(대),방부목각재/데크재 2” X 6” (38mm X 140mm),P0000BEI,P0000BEI000F,70.83
(1)100방부목4A22,◈방부목 2*2 12자 (38*38) 투투,방부목각재/데크재 2” X 10” (38mm X 235mm),P0000BEI,P0000BEI000H,59.09
(1)100방부목524,◈방부목 2*4 12자 (38*89) 투포,방부목각재/데크재 2” X 4” (38mm X 89mm),P0000BEI,P0000BEI000E,63.83
(1)100방부목626,◈방부목 2*6 12자 (38*140) 투식스,방부목각재/데크재 2” X 6” (38mm X 140mm),P0000BEI,P0000BEI000F,64.0
(1)100방부목8212,◈방부목 2*12 12자 (38*285) 투투엘브,방부목각재/데크재 2” X 12” (38mm X 285mm),P0000BEI,P0000BEI000I,64.15
(1)100방부목91라티,◈방부 라티스 (1220*2440*15),방부 라티스 (15T) 15T x 1200mm x 2400mm,P0000BTH,P0000BTH000A,80.85
(1)100방부목944,◈방부목 4*4 12자 (90*90) 포포 [90각],방부목각재/데크재 4” X 4” (90mm X 90mm),P0000BEI,P0000BEI000J,56.41
(1)100방킬8자,◈방킬라이 2400*90*19 (8자),방킬라이19x90x2400데크재 방킬라이 19 x 90 x 2400,P0000BHT,P0000BHT000C,91.89
(1)100소송1303012,◈소송(KD) 30*30*12자 (한치각) [단],"라왕각재라왕다루끼,한치각,심재,후지 라왕 30 x 30 x 3600 다루끼(한치각)",P0000BGF,P0000BGF000A,57.14
(1)100소송2306912,◈소송(KD) 30*69*12자 (투바이) [단],"소송 각재(KD)다루끼,투바이,나나부 (KD) 소송 투바이 30x69x3600 1단",P0000BGC,P0000BGC000C,63.16
(1)100소송330308,◈소송(KD)●30*30★8자★ (한치각) [단],"라왕각재라왕다루끼,한치각,심재,후지 라왕 30 x 30 x 3600 다루끼(한치각)",P0000BGF,P0000BGF000A,59.26
(1)100소송4203012,◈소송(KD)●20*30*12자 (★나나부) [단],"소송 각재(KD)다루끼,투바이,나나부 (KD) 소송 나나부 20x30x3600 1단",P0000BGC,P0000BGC000E,63.16
(1)100소송53030121,◈소송(KD)¶30*30*12자 (한치각) 낱개!!,"라왕각재라왕다루끼,한치각,심재,후지 라왕 30 x 30 x 3600 다루끼(한치각)",P0000BGF,P0000BGF000A,55.17
(1)100소송63069121,◈소송(KD)¶30*69*12자 (투바이) 낱개!!,"소송 각재(KD)다루끼,투바이,나나부 (KD) 소송 다루끼 30x30x3600 1개 (※낱개)",P0000BGC,P0000BGC000F,66.67
(1)100자나무,◈자나무 (미장/조적/쫄대용 등),자나무(미장용)56 x 2440mm 11.5T x 56mm x 2440mm (1개),P0000BLN,P0000BLN000A,33.33
(1)100편백루바18유,◈히노끼루바 10*100 (유절/고급) 8자,히노끼루바(유절) 10T8매/단 히노끼 루바 (유절/8자),P0000BYR,P0000BYR000A,69.39
(1)100편백루바8무,◈히노끼루바 10*100 (통 무절/고급) 8자,히노끼루바(무절) 10T8매/단 히노끼 루바 (통무절/8자),P0000BIJ,P0000BIJ000A,65.45
(1)200A자이01일반93,◈[GS자이]천연 일반석고 3*6*9.5,GS건설자이 천연 일반석고보드 9.5T x 900 x 1800 (936),P0000CCL,P0000CCL000A,72.41
(1)200국산2차음1236,◈차음석고 900*1800*12.5,KCC차음 석고보드 12.5 x 900 x 1800mm,P0000BFG,P0000BFG000A,83.33
(1)200자이02방수936,◈[GS자이]천연 방수석고 3*6*9.5 (水),GS건설자이 천연 방수석고보드 9.5T x 900 x 1800 (936),P0000CCM,P0000CCM000A,72.41
(1)200자이03방화1236,◈[GS자이]천연 방화석고 3*6*12.5 (火),GS건설자이 천연 방화석고보드 12.5T x 900 x 1800 (1236),P0000BFF,P0000BFF000A,72.13
(1)200자이04일반1236,◈[GS자이]천연 일반석고 3*6*★12.5,GS건설자이 천연 일반석고보드 12.5T x 900 x 1800 (1236),P0000CCL,P0000CCL000D,72.13
(1)200자이05일반938,◈[GS자이]삼팔★천연 일반석고 3*8*9.5,GS건설자이 천연 일반석고보드 9.5T x 900 x 2400 (938),P0000CCL,P0000CCL000C,68.85
(1)200하국산방화1236,◈국산◈ 방화석고 3*6*12.5 (火),KCC방화 석고보드 12.5T x 900 x 1800,P0000BFE,P0000BFE000A,57.78
(1)201CRC636,◈CRC(시멘트보드) 3*6 6T (하지용),CRC보드하지용 미색 6T x 900 x 1800,P0000BSU,P0000BSU000C,63.83
(1)201CRC936,◈CRC(시멘트보드) 3*6 9T (하지용),CRC보드하지용 미색 6T x 900 x 1800,P0000BSU,P0000BSU000C,63.83
(1)201석고텍스KCC,◈석고텍스 [KCC] 300*600*9.5 [18매],"벽산 석고텍스9.5T x 300 x 600, 18매/1Box(1평) 석고텍스 9.5T x 300 x 600 18매/1Box(1평)",P0000CBB,P0000CBB000D,86.96
(1)3001A2748BB,◈합판 1220*2440*2.7 BB/CC (이찌부),오크 미장합판(라미날 합판)1220 x 2440mm 오크 미장합판 2.7T x 1220 x 2440mm,P0000BNC,P0000BNC000A,68.85
(1)3001B448오징,◈합판 1220*2440*4 ~(오징어/아로)~,준내수합판 (국산 KS)1220 x 2440mm 4.4T x 1220 x 2440 국산 ks,P0000BNE,P0000BNE000A,72.22
(1)3001C4648BB,◈합판 1220*2440*4.6 BB/CC (니부),준내수합판 (국산 KS)1220 x 2440mm 4.4T x 1220 x 2440 국산 ks,P0000BNE,P0000BNE000A,65.0
(1)3001D4648알,◈합판★R★1220*2440*4.6 알비자(니부),일반합판(수입산) 4*81220x2440mm 4.6T x 1220 x 2440 동남아산 (알비자),P0000BEE,P0000BEE000B,77.27
(1)3001E8548BB,◈합판 1220*2440*8.5 BB/CC (삼부),미송합판(유절)1220 x 2440mm 미송합판 8.5T,P0000BED,P0000BED000C,67.92
(1)3001F8548MLH,◈합판 1220*2440*8.5 MLH (삼부),일반합판(수입산) 4*81220x2440mm 8.5T x 1220 x 2440 베트남산 (MLH),P0000BEE,P0000BEE000L,80.95
(1)3001G38548콤,◈합판 1220*2440*8.5 콤비★(삼부),일반합판(수입산) 4*81220x2440mm 8.5T x 1220 x 2440 콤비,P0000BEE,P0000BEE000E,80.0
(1)3001H11548BB,◈합판 1220*2440*11.5 BB/CC (연부) [고급],일반합판(수입산) 4*81220x2440mm 11.5T x 1220 x 2440 동남아산 (고급),P0000BEE,P0000BEE000I,70.83
(1)3001I11548MLH,◈합판 1220*2440*11.5 MLH (연부),일반합판(수입산) 4*81220x2440mm 11.5T x 1220 x 2440 베트남산 (MLH),P0000BEE,P0000BEE000M,81.82
(1)3001J11548콤,◈합판 1220*2440*11.5 콤비★(연부),일반합판(수입산) 4*81220x2440mm 11.5T x 1220 x 2440 콤비,P0000BEE,P0000BEE000G,80.95
(1)3001K11548다,◈합판 1220*2440*11.5 ★다이아 (연부) [일반],일반합판(수입산) 4*81220x2440mm 11.5T x 1220 x 2440 동남아산 (일반),P0000BEE,P0000BEE000H,73.91
(1)3001L14548BB,◈합판 1220*2440*14.5 BB/CC (고부),준내수합판 (국산 KS)1220 x 2440mm 8.5T x 1220 x 2440 국산 ks,P0000BNE,P0000BNE000B,66.67
(1)3001M17548BB,◈합판 1220*2440*17.5 BB/CC (록고부),일반합판(수입산) 4*81220x2440mm 17.5T x 1220 x 2440 동남아산 (고급),P0000BEE,P0000BEE000K,65.12
(1)3001Y코아18알,◈코아합판 1220*2440*18 알비자,일반합판(수입산) 4*81220x2440mm 4.6T x 1220 x 2440 동남아산 (알비자),P0000BEE,P0000BEE000B,78.95
(1)3001Z코아18라,◈코아합판 1220*2440*18 라왕(고급)★,라왕 집성판사이드핑거 18T x 1220 x 2440,P0000BEW,P0000BEW000A,73.08
(1)300A12736B,◈합판 910*1820*2.7 BB/CC (이찌부),일반합판 3*6910x1820mm 2.7T x 910 x 1820 동남아산,P0000CAT,P0000CAT000A,61.54
(1)300A1자작SBB4,◈자작합판 1220*2440*4 (S/BB) 롱/러,자작합판1220 x 2440mm 자작 합판 12T (S/BB) 러시아,P0000BEF,P0000BEF000D,69.84
(1)300A24636B,◈합판 910*1820*4.6 BB/CC (니부),일반합판 3*6910x1820mm 4.6T x 910 x 1820 동남아산,P0000CAT,P0000CAT000B,63.16
(1)300A2자작SBB6,◈자작합판 1220*2440*6 (S/BB) 롱/러,자작합판1220 x 2440mm 자작 합판 12T (S/BB) 러시아,P0000BEF,P0000BEF000D,69.84
(1)300A38536B,◈합판 910*1820*8.5 BB/CC (삼부),일반합판 3*6910x1820mm 8.5T x 910 x 1820 동남아산 (알비자),P0000CAT,P0000CAT000C,63.16
(1)300A3자작SBB9,◈자작합판 1220*2440*9 (S/BB) 롱/러,자작합판1220 x 2440mm 자작 합판 12T (S/BB) 러시아,P0000BEF,P0000BEF000D,69.84
(1)300A48536알,◈합판 910*1820*8.5 알비자(삼부),일반합판 3*6910x1820mm 8.5T x 910 x 1820 동남아산 (알비자),P0000CAT,P0000CAT000C,80.0
(1)300A4자작SBB12,◈자작합판 1220*2440*12 (S/BB) 롱/러,자작합판1220 x 2440mm 자작 합판 12T (S/BB) 러시아,P0000BEF,P0000BEF000D,68.75
(1)300A511536B,◈합판 910*1820*11.5 BB/CC(연부)★고급,일반합판 3*6910x1820mm 11.5T x 910 x 1820 동남아산 (고급),P0000CAT,P0000CAT000E,69.57
(1)300A5자작SBB15,◈자작합판 1220*2440*15 (S/BB) 롱/러,자작합판1220 x 2440mm 자작 합판 12T (S/BB) 러시아,P0000BEF,P0000BEF000D,68.75
(1)300A611536M,◈합판 910*1820*11.5 MLH VT (연부),일반합판 3*6910x1820mm 11.5T x 910 x 1820 베트남산 (MLH),P0000CAT,P0000CAT000F,75.56
(1)300A6자작SBB18,◈자작합판 1220*2440*18 (S/BB) 롱/러,자작합판1220 x 2440mm 자작 합판 12T (S/BB) 러시아,P0000BEF,P0000BEF000D,68.75
(1)300B1미송유48,◈미송(유절) 1220*2440*4.8,미송합판(유절)1220 x 2440mm 미송합판 4.8T,P0000BED,P0000BED000A,89.36
(1)300B2미송유85,◈미송(유절) 1220*2440*8.5,미송합판(유절)1220 x 2440mm 미송합판 8.5T,P0000BED,P0000BED000C,89.36
(1)300B3미송유12,◈미송(유절) 1220*2440*12,미송합판(유절)1220 x 2440mm 미송합판 12T,P0000BED,P0000BED000D,88.89
(1)300B4미송유15,◈미송(유절) 1220*2440*15,미송합판(유절)1220 x 2440mm 미송합판 15T,P0000BED,P0000BED000E,88.89
(1)300B5미송유18,◈미송(유절) 1220*2440*18,미송합판(유절)1220 x 2440mm 미송합판 18T,P0000BED,P0000BED000F,88.89
(1)300B6미송무45,◈미송(무절★양면) 1220*2440*4.5,미송합판(양면무절)1220 x 2440mm 미송합판 4.5T,P0000BKX,P0000BKX000A,80.77
(1)300C1낙엽48,◈낙엽송 1220*2440*4.8 엠보,낙엽송 합판 (엠보)1220 x 2440mm 낙엽송 4.8T 1220x2440mm,P0000BGU,P0000BGU000A,81.08
(1)300C2낙엽75,◈낙엽송 1220*2440*7.5 엠보,낙엽송 합판 (엠보)1220 x 2440mm 낙엽송 7.5T 1220x2440mm,P0000BGU,P0000BGU000B,81.08
(1)300C3낙엽115,◈낙엽송 1220*2440*11.5 엠보,낙엽송 합판 (엠보)1220 x 2440mm 낙엽송 11.5T 1220x2440mm,P0000BGU,P0000BGU000C,82.05
(1)300E낙엽18,◈낙엽송 1220*2440*18 엠보,OSB (내장용)1220 x 2440mm 18.3T X 1220 X 2440 (바닥용),P0000BEK,P0000BEK000C,80.0
(1)300OSB11내,◈OSB 4*8*11.1 (내장용/라인X),OSB (내장용)1220 x 2440mm 11.1T X 1220 X 2440 (내장용),P0000BEK,P0000BEK000B,70.59
(1)300OSB8내,◈OSB 4*8*8.0 (내장용/라인X),OSB (내장용)1220 x 2440mm 8T X 1220 X 2440 (내장용),P0000BEK,P0000BEK000A,64.29
(1)300내수1248수,◈내수 1220*2440*12 1급 (수입 KS),"내수합판 (수입 KS)910x1820mm, 1220x2440mm 12T x 1220 x 2440",P0000BGB,P0000BGB000B,79.07
(1)300내수21236수,◈내수 910*1820*12 1급 (수입 KS),"내수합판 (수입 KS)910x1820mm, 1220x2440mm 12T x 910 x 1820",P0000BGB,P0000BGB000A,78.05
(1)300백색27,◈백색합판 1220*2440*2.7 (코팅/단면),미송합판(유절)1220 x 2440mm 미송합판 7.5T,P0000BED,P0000BED000B,69.23
(1)300오크27,◈오크합판 1220*2440*2.7 (시트/단면),오크 미장합판(라미날 합판)1220 x 2440mm 오크 미장합판 2.7T x 1220 x 2440mm,P0000BNC,P0000BNC000A,74.58
(1)300준내수948,◈준내수 4*8*9 E0 친환경 국산,준내수합판 (국산 KS)1220 x 2440mm 4.4T x 1220 x 2440 국산 ks,P0000BNE,P0000BNE000A,50.0
(1)300태고1248N,◈태고 1220*2440*12 (동남아산),일반합판(수입산) 4*81220x2440mm 2.7T x 1220 x 2440 동남아산 (일반),P0000BEE,P0000BEE000A,84.21
(1)300태고21236,◈태고 910*1820*12,일반합판 3*6910x1820mm 2.7T x 910 x 1820 동남아산,P0000CAT,P0000CAT000A,76.92
(1)301MDF113고밀,◈MDF 1220*2440*2.7 R/S (고밀도),[버킷]MDF 고밀도1220 x 2440mm 12T 고밀도 MDF,P0000CSY,P0000CSY000C,65.52
(1)301MDF1245고밀,◈MDF 1220*2440*4.5 R/S (고밀도),[버킷]MDF 고밀도1220 x 2440mm 12T 고밀도 MDF,P0000CSY,P0000CSY000C,65.52
(1)301MDF136USB,◈MDF 1220*2440*6 USB,믹스 애쉬 집성판사이드핑거 18T x 1220 x 2440,P0000BYH,P0000BYH000A,68.75
(1)301MDF149USB,◈MDF 1220*2440*9 USB,믹스 애쉬 집성판사이드핑거 18T x 1220 x 2440,P0000BYH,P0000BYH000A,68.75
(1)301MDF1512USB,◈MDF 1220*2440*12 USB,미송합판(유절)1220 x 2440mm 미송합판 12T,P0000BED,P0000BED000D,68.09
(1)301MDF1615USB,◈MDF 1220*2440*15 USB,미송합판(유절)1220 x 2440mm 미송합판 15T,P0000BED,P0000BED000E,68.09
(1)301MDF1718USB,◈MDF 1220*2440*18 USB,OSB (내장용)1220 x 2440mm 18.3T X 1220 X 2440 (바닥용),P0000BEK,P0000BEK000C,77.78
(1)301MDF1825UB,◈MDF 1220*2440*25 UB(중밀도),MDF1220 x 2440mm 12T 고밀도 MDF,P0000BEB,P0000BEB000V,67.92
(1)301MDF1930UB,◈MDF 1220*2440*30 UB(중밀도),MDF1220 x 2440mm 12T 고밀도 MDF,P0000BEB,P0000BEB000V,67.92
(1)301MDF206고밀,◈MDF★고밀도★ 1220*2440*6 (수입),"내수합판 (수입 KS)910x1820mm, 1220x2440mm 12T x 1220 x 2440",P0000BGB,P0000BGB000B,73.68
(1)301MDF209고밀,◈MDF★고밀도★ 1220*2440*9 (수입),"내수합판 (수입 KS)910x1820mm, 1220x2440mm 12T x 1220 x 2440",P0000BGB,P0000BGB000B,73.68
(1)301MDF2112고밀,◈MDF★고밀도★ 1220*2440*12 (수입),"내수합판 (수입 KS)910x1820mm, 1220x2440mm 12T x 1220 x 2440",P0000BGB,P0000BGB000B,71.79
(1)301MDF2215고밀,◈MDF★고밀도★ 1220*2440*15 (수입),"내수합판 (수입 KS)910x1820mm, 1220x2440mm 12T x 1220 x 2440",P0000BGB,P0000BGB000B,71.79
(1)301MDF2318고밀,◈MDF★고밀도★ 1220*2440*18 (수입),"내수합판 (수입 KS)910x1820mm, 1220x2440mm 12T x 1220 x 2440",P0000BGB,P0000BGB000B,71.79
(1)302고무12탑,◈집성(고무나무) 1220*2440*12 T/F,삼나무 집성판솔리드 12T x 1220 x 2440,P0000BEZ,P0000BEZ000A,80.77
(1)302고무15탑,◈집성(고무나무) 1220*2440*15 T/F,삼나무 집성판솔리드 15T x 1220 x 2440,P0000BEZ,P0000BEZ000B,80.77
(1)302고무18탑,◈집성(고무나무) 1220*2440*18 T/F,삼나무 집성판솔리드 18T x 1220 x 2440,P0000BEZ,P0000BEZ000C,80.77
(1)302라디12탑,◈집성(라디에타) 1220*2440*12 T/F,라디에타파인 집성판탑핑거 12T x 1220 x 2440,P0000BEO,P0000BEO000F,83.64
(1)302라디15탑,◈집성(라디에타) 1220*2440*15 T/F,라디에타파인 집성판탑핑거 15T x 1220 x 2440,P0000BEO,P0000BEO000G,83.64
(1)302라디18탑,◈집성(라디에타) 1220*2440*18 T/F,라디에타파인 집성판탑핑거 18T x 1220 x 2440,P0000BEO,P0000BEO000H,83.64
(1)302라디24탑,◈집성(라디에타) 1220*2440*24 T/F,라디에타파인 집성판탑핑거 24T x 1220 x 2440,P0000BEO,P0000BEO000I,83.64
(1)302라디30탑,◈집성(라디에타) 1220*2440*30 T/F,라디에타파인 집성판탑핑거 30T x 1220 x 2440,P0000BEO,P0000BEO000J,83.64
(1)302레드12솔,◈집성(레드파인) 1220*2440*12 솔리/유,레드파인 집성판솔리드 12T x 1220 x 2440 (솔),P0000BEY,P0000BEY000A,85.71
(1)302레드15솔,◈집성(레드파인) 1220*2440*15 솔리/유,레드파인 집성판솔리드 15T x 1220 x 2440 (솔),P0000BEY,P0000BEY000B,85.71
(1)302레드18솔,◈집성(레드파인) 1220*2440*18 솔리/유,레드파인 집성판솔리드 18T x 1220 x 2440 (솔),P0000BEY,P0000BEY000C,85.71
(1)302레드60각,◈집성(레드파인)솔리드 각재 60*60*2440,레드파인 집성각재솔리드 60 x 60 x 2440,P0000BFX,P0000BFX000B,86.96
(1)302멀바1238,◈집성(멀바우) 910*2440*12 S/F,멀바우 집성판사이드핑거 12T x 910 x 2400,P0000BJU,P0000BJU000A,74.51
(1)302멀바1538,◈집성(멀바우) 910*2440*15 S/F,멀바우 집성판사이드핑거 15T x 910 x 2400,P0000BJU,P0000BJU000B,74.51
(1)302멀바1838,◈집성(멀바우) 910*2440*18 S/F,멀바우 집성판사이드핑거 18T x 910 x 2400,P0000BJU,P0000BJU000C,74.51
(1)302멀바1848,◈집성(멀바우) 1220*2440*18 S/F 사팔,멀바우 집성판사이드핑거 18T x 1220 x 2440,P0000BJU,P0000BJU000I,75.0
(1)302멀바계단30300,◈집성계단재 30*300*3600 (멀바우) S/F,멀바우계단재 계단판 30 x 300 x 3600,P0000BFR,P0000BFR000A,82.35
(1)302멀바계단38300,◈집성계단재 38*300*3600 (멀바우) S/F,멀바우계단재 계단판 38 x 300 x 3600,P0000BFR,P0000BFR000B,82.35
(1)302미송계단38300,◈집성계단재 38*300*3600 (미송/라디) T/F,라디에타파인계단재 계단판 38 x 300 x 3600,P0000BFP,P0000BFP000D,71.43
(1)302미송대봉9090,◈라디에타(미송) 대봉(大) 90*90*1200,라디에타파인계단재 대봉 90 x 90 x 1200,P0000BFP,P0000BFP000H,80.95
(1)302미송반달4070,◈핸드레일(미송/라디에타) 반달◐ 40*70*12자,라디에타파인계단재 반달손스침 40 x 70 x 3600,P0000BFP,P0000BFP000J,58.18
(1)302미송소봉4040,◈라디에타(미송) 소봉(小) 40*40*900,라디에타파인계단재 소봉 40 x 40 x 900,P0000BFP,P0000BFP000G,80.0
(1)302미송식빵6070,◈핸드레일(미송/라디에타) 식빵♣ 60*70*12자,라디에타파인계단재 식빵손스침 60 x 70 x 3600,P0000BFP,P0000BFP000K,58.18
(1)302삼목12솔,◈집성(삼목) 1220*2440*12 솔리드,삼나무 집성판솔리드 12T x 1220 x 2440,P0000BEZ,P0000BEZ000A,80.0
(1)302삼목15솔,◈집성(삼목) 1220*2440*15 솔리드,삼나무 집성판솔리드 15T x 1220 x 2440,P0000BEZ,P0000BEZ000B,80.0
(1)302삼목18솔,◈집성(삼목) 1220*2440*18 솔리드,삼나무 집성판솔리드 18T x 1220 x 2440,P0000BEZ,P0000BEZ000C,80.0
(1)302쏘노30300,◈집성(쏘노클린) 30*300*12자 (코팅),쏘노클린계단재 30T x 300 x 3600 코팅,P0000BJH,P0000BJH000A,70.83
(1)302아카15유,◈집성(아카시아) 1220*2440*15 유절 S/F,아카시아 집성판사이드핑거(유절&무절) 15T x 1220 x 2440 (유절),P0000BEU,P0000BEU000A,81.25
(1)302아카18N무,◈집성(아카시아) 1220*2440*18★무절S/F,아카시아 집성판사이드핑거(유절&무절) 18T x 1220 x 2440 (유절),P0000BEU,P0000BEU000B,79.37
(1)302아카18유,◈집성(아카시아) 1220*2440*18 유절 S/F,아카시아 집성판사이드핑거(유절&무절) 18T x 1220 x 2440 (유절),P0000BEU,P0000BEU000B,81.25
(1)302에쉬1848,◈집성(에쉬) 1220*2440*18 S/F,아스펜 집성판사이드핑거 아스펜 S/F 18T x 1220 x 2440,P0000BIN,P0000BIN000A,78.57
(1)302오동12솔,◈집성(오동나무) 1000*2000*12 솔리드,오동나무 집성판솔리드 12T x 1000 x 2000,P0000BTE,P0000BTE000A,86.79
(1)500다크브201328,◈합성목재 20*140*2400 (8자) 다크브라운,브라운 애쉬 집성판솔리드 20 x 1000 x 2400,P0000BLA,P0000BLA000G,65.45
(1)500도장피스838,◈합성목재 도장직결피스(8*38) [500개] 다크브라운,윙스크류 양날피스 8 x 38 (500pcs),P0000BMA,P0000BMA000C,53.85
(1)500미들클립20,◈합성목재 미들클립(20T) [100개] 블랙,"합성목재(WPC)브라운,체리,그레이방부목 대체품 합성목재 미들클립",P0000BSR,P0000BSR000H,60.0
(1)500스타트클립20,◈합성목재 스타트클립(20T) [50개] 블랙,"합성목재(WPC)브라운,체리,그레이방부목 대체품 합성목재 스타트클립",P0000BSR,P0000BSR000I,64.52
(1)500아티론,◈합성목재 연결보조제(아티론) [100개],"합성목재(WPC)브라운,체리,그레이방부목 대체품 아티론 (연결보조제)",P0000BSR,P0000BSR000L,84.85
(1)500클립피스820,◈합성목재 클립전용피스(8*20) [500개],윙스크류 양날피스 8 x 25 (500pcs),P0000BMA,P0000BMA000A,56.52
(1)502백스페,◈백색 스페이스월(1220*2440)[쫄대포함],스페이스 월18T x 1220 x 2440mm 스페이스월 (쫄대포함),P0000BHR,P0000BHR000A,80.95
(1)503스카이비바,◈스카이비바 24K 50T*450*1000,KCC/벽산 그라스울 (1봉지/28장)24K 50 x 450 x 1000 24K 50 x 450 x 1000,P0000BLR,P0000BLR000D,73.68
(1)503차음시트기본,◈차음시트 2T 접착 1000*1000,차음시트 2T1000 x 1000단면점착 차음시트 2T 1000 x 1000,P0000CHD,P0000CHD000A,90.32
(1)503타공라메9,◈타공판/라인/메이플/방염 1184*2400*9T,라인 타공판9T x 1184 x 2400방염 타공판/라인/메이플,P0000BVG,P0000BVG000B,86.21
(1)503타공원메9,◈타공판/원형/메이플/방염 1200*2400*9T,"단타공흡음패널, 원형 타공판9T x 1200 x 2400방염 타공판/원형/메이플",P0000BVF,P0000BVF000E,75.76
(1)60010그라스울기본,◈(28장★벽산) 그라스울 24K50*450*1m,KCC/벽산 그라스울 (1봉지/28장)24K 50 x 450 x 1000 24K 50 x 450 x 1000,P0000BLR,P0000BLR000D,79.37
(1)60011아이소101호,◈아이소핑크 1호 10T 3*6,단열재 아이소핑크/압출법보온판  10T x 900 x 1800,P0000BND,P0000BND000G,75.86
(1)60011이보드13도배,◈이보드 13T 900*2400 (도배용),단열재이보드(도배용 & 페인트용) 13T x 900 x 2400 (도배용),P0000BHC,P0000BHC000A,90.0
(1)60012아이소20특,◈아이소핑크 특호 20T 3*6,단열재 아이소핑크/압출법보온판  20T x 900 x 1800,P0000BND,P0000BND000H,75.86
(1)60012이보드23도배,◈이보드 23T 900*2400 (도배용),단열재이보드(도배용 & 페인트용) 23T x 900 x 2400 (도배용),P0000BHC,P0000BHC000B,90.0
(1)60013아이소30특,◈아이소핑크 특호 30T 3*6,단열재 아이소핑크/압출법보온판  30T x 900 x 1800,P0000BND,P0000BND000I,75.86
(1)60013이보드33도배,◈이보드 33T 900*2400 (도배용),단열재이보드(도배용 & 페인트용) 33T x 900 x 2400 (도배용),P0000BHC,P0000BHC000C,90.0
(1)60014아이소50특,◈아이소핑크 특호 50T 3*6,단열재 아이소핑크/압출법보온판  50T x 900 x 1800,P0000BND,P0000BND000J,75.86
(1)60015아이소100특,◈아이소핑크 특호 100T 3*6,단열재 아이소핑크/압출법보온판  100T x 900 x 1800,P0000BND,P0000BND000K,77.42
(1)6001열반사10양,◈열반사단열재 10T 양면/은/접착(25M),단열재열반사 단열재 (6T/10T) 은박 10T 양면 접착 (25m),P0000BIB,P0000BIB000B,76.92
(1)6001열반사6양,◈열반사단열재 6T 양면/은/접착(50M),단열재열반사 단열재 (6T/10T) 은박 6T 단면 접착 (50m),P0000BIB,P0000BIB000A,70.59
(1)6002열반사10양,◈열반사단열재 10T 양면/★동/접착(25M),단열재열반사 단열재 (6T/10T) 은박 10T 양면 접착 (25m),P0000BIB,P0000BIB000B,74.29
(1)6002열반사6양,◈열반사단열재 6T 양면/★동/접착(50M),단열재열반사 단열재 (6T/10T) 은박 6T 단면 접착 (50m),P0000BIB,P0000BIB000A,66.67
(1)600LXPF301800N,◈LX Z:IN PF보드 30T 1000*1800 [1면 준불연],프리미엄 단열재 PF보드LX지인 30T x 1000 x 1800,P0000CHJ,P0000CHJ000A,64.71
(1)600LXPF501800N,◈LX Z:IN PF보드 50T 1000*1800 [1면 준불연],프리미엄 단열재 PF보드LX지인 50T x 1000 x 1800,P0000CHJ,P0000CHJ000B,64.71
(1)600LXPF901800N,◈LX Z:IN PF보드 90T 1000*1800 [1면 준불연],프리미엄 단열재 PF보드LX지인 90T x 1000 x 1800,P0000CHJ,P0000CHJ000C,64.71
(1)600이보드13페,◈이보드 13T 900*2400 (페인트용),단열재이보드(도배용 & 페인트용) 13T x 900 x 2400 (도배용),P0000BHC,P0000BHC000A,90.48
(1)600이보드23페,◈이보드 23T 900*2400 (페인트용),단열재이보드(도배용 & 페인트용) 23T x 900 x 2400 (도배용),P0000BHC,P0000BHC000B,90.48
(1)600이보드33페,◈이보드 33T 900*2400 (페인트용),단열재이보드(도배용 & 페인트용) 33T x 900 x 2400 (도배용),P0000BHC,P0000BHC000C,90.48
(1)700168401걸레,◈영림168PS120 401걸레받이 (40*9),MDF1220 x 2440mm 9T 일반 MDF,P0000BEB,P0000BEB000F,43.14
(1)700AL앵글도장,◈AL 앵글 (백색도장) 1.0T 19*19*3000,마또아19x90x2400데크재 마또아 19 x 90 x 3000,P0000CAO,P0000CAO000E,52.94
(1)700A합7351935,◈합판문 36*735*1935,"합판문/문틀735,835,935 [합판문] 36 x 735 x 1935",P0000BJX,P0000BJX000A,100.0
(1)700B합7352035,◈합판문 36*735*2035,"합판문/문틀735,835,935 [합판문] 36 x 735 x 2035",P0000BJX,P0000BJX000B,100.0
(1)700C합8352035,◈합판문 36*835*2035,"합판문/문틀735,835,935 [합판문] 36 x 735 x 2035",P0000BJX,P0000BJX000B,100.0
(1)700D합9352035,◈합판문 36*935*2035,"합판문/문틀735,835,935 [합판문] 36 x 735 x 2035",P0000BJX,P0000BJX000B,100.0
(1)700E합8002000무,◈합판문틀 110*800*2000/식기무X,"합판문/문틀735,835,935 [문틀식기유] 110 x 800 x 2000",P0000BJX,P0000BJX000E,73.68
(1)700F합8002000유,◈합판문틀 110*800*2000/식기유O,"합판문/문틀735,835,935 [문틀식기유] 110 x 800 x 2000",P0000BJX,P0000BJX000E,73.68
(1)700G합8002100무,◈합판문틀 110*800*2100/식기무X,"합판문/문틀735,835,935 [문틀식기유] 110 x 800 x 2100",P0000BJX,P0000BJX000G,73.68
(1)700H합9002100무,◈합판문틀 110*900*2100/식기무X,"합판문/문틀735,835,935 [문틀식기유] 110 x 900 x 2100",P0000BJX,P0000BJX000H,73.68
(1)700I합9002100유,◈합판문틀 110*900*2100/식기유O,"합판문/문틀735,835,935 [문틀식기유] 110 x 900 x 2100",P0000BJX,P0000BJX000H,73.68
(1)700J합1102100다,◈합판문틀 라왕 40*110*2100 다대,"라왕각재라왕다루끼,한치각,심재,후지 라왕 30 x 40 x 2100 심재",P0000BGF,P0000BGF000B,66.67
(1)700K합100800요,◈합판문틀 라왕 40*110*800 요꼬,"합판문/문틀735,835,935 [문틀식기유] 110 x 800 x 2000",P0000BJX,P0000BJX000E,56.25
(1)700L합110900요,◈합판문틀 라왕 40*110*900 요꼬,멀바우계단재 소봉 40 x 40 x 900,P0000BFR,P0000BFR000C,61.54
(1)700P마이너메지95,◈PVC 마이너스 메지 9.5T(SS-1601) 10자,KCC방화 석고보드 12.5T x 900 x 1800,P0000BFE,P0000BFE000A,47.27
(1)700메지도장95,◈메지몰딩 백색도장/T형 9.5T 1P용 * 10자,CRC보드하지용 미색 3.5T x 900 x 1800,P0000BSU,P0000BSU000A,51.85
(1)700영1162계단,◈영림116 2계단 소 (50*12) [중백색],"OST단위타카핀(18,25,32,38,45,50,64) 18",P0000BWM,P0000BWM000A,46.15
(1)700영116301걸레,◈영림116 301걸레받이 (30*9),YDH-030S 실버도어 핸들영림 YDH-030 - 다크그레이,P0000CEV,P0000CEV000B,45.83
(1)700영116601걸레,◈영림116 601걸레받이 (60*9) [중백색],멀바우계단재 손스침 60 x 70 x 3600,P0000BFR,P0000BFR000F,42.55
(1)700영11680020001,◈영림116 분리형 110*800*2000/식기유,"합판문/문틀735,835,935 [문틀식기유] 110 x 800 x 2000",P0000BJX,P0000BJX000E,66.67
(1)700영11680020002,◈영림116 분리형 110*800*2000/식기무,"합판문/문틀735,835,935 [문틀식기유] 110 x 800 x 2000",P0000BJX,P0000BJX000E,66.67
(1)700영11690021001,◈영림116 분리형 110*900*2100/식기유,"합판문/문틀735,835,935 [문틀식기유] 110 x 900 x 2100",P0000BJX,P0000BJX000H,66.67
(1)700영11690021002,◈영림116 분리형 110*900*2100/식기무,"합판문/문틀735,835,935 [문틀식기유] 110 x 900 x 2100",P0000BJX,P0000BJX000H,66.67
(1)700영116901걸레,◈영림116 901걸레받이 (90*9) [중백색],멀바우19x90데크재 멀바우 19 x 90 x 3900,P0000BHU,P0000BHU000H,42.31
(1)700영116P마이너,◈영림116 ★PVC★마이너스 (25*12) [중백색],PVC 점검구 PVC 점검구 300 x 300,P0000CBX,P0000CBX000A,55.56
(1)700영116마이너,◈영림116 마이너스몰딩 (25*15) [중백색],접시머리 양날피스(황색) 접시머리 양날피스 8 x 25 (500pcs),P0000BJA,P0000BJA000B,44.0
(1)700영116문선,◈영림116 문선 (58*15) [중백색],영림더도어 TA-18 견적문의,P0000CAA,P0000CAA000A,44.44
(1)700영116시트,◈영림116 인테리어필름(M),인테리어 필름 접착제(수용성 프라이머) 수용성 프라이머 1kg,P0000BGM,P0000BGM000A,42.11
(1)700영116엣지,◈영림116 엣지필름(25M),"톱날 ( 대건금속, 타지마 ) 톱날 265 mm / 대건금속",P0000BIZ,P0000BIZ000A,37.5
(1)700영116천정1,◈영림116 천정1번 (80*12) [중백색],태고합판1220 x 2440mm 태고 12T x 910 x 1820mm,P0000BEG,P0000BEG000A,42.11
(1)700영116천정2,◈영림116 천정2번 (70*12) [중백색],CRC보드하지용 미색 6T x 1220 x 2440,P0000BSU,P0000BSU000G,41.67
(1)700영116천정3,◈영림116 천정3번 (55*12) [중백색],투습방수지 타이벡 50m 듀폰 타이벡 1.5 x 50m,P0000CAU,P0000CAU000A,40.91
(1)700영116코너중,◈영림116 코너기둥65 (65*12) 중,미송합판(양면무절)1220 x 2440mm 미송합판 6.5T,P0000BKX,P0000BKX000B,40.0
(1)700영116평100,◈영림116 평100 (100*9) [중백색],카플19x90x2400데크재 카플 19 x 90 x 1800,P0000BYC,P0000BYC000A,49.06
(1)700영116평120,◈영림116 평120 (120*9) [중백색],태고합판1220 x 2440mm 태고 12T x 1220 x 2440mm,P0000BEG,P0000BEG000B,47.06
(1)700영116평160,◈영림116 평160 (160*9) [중백색],멀바우19x90데크재 멀바우 19 x 90 x 1800,P0000BHU,P0000BHU000A,44.0
(1)700영116평200,◈영림116 평200 (200*9) [중백색],이페19x90x2400데크재 19 x 90 x 2400,P0000BYB,P0000BYB000A,48.0
(1)700영116평250,◈영림116 평250 (250*9) [중백색],[버킷]MDF 고밀도1220 x 2440mm 9T 고밀도 MDF,P0000CSY,P0000CSY000B,42.31
(1)700영116평30,◈영림116 평30 (30*9) [중백색],오크(참나무)계단재 계단재 38 x 610 x 3600,P0000BFT,P0000BFT000B,40.91
(1)700영116평300,◈영림116 평300 (300*9) [중백색],PVC 점검구 PVC 점검구 300 x 300,P0000CBX,P0000CBX000A,55.56
(1)700영116평40,◈영림116 평40 (40*9) [중백색],오크(참나무)계단재 소봉 40 x 40 x 900,P0000BFT,P0000BFT000C,42.86
(1)700영116평60,◈영림116 평60 (60*9) [중백색],오크(참나무)계단재 계단재 38 x 610 x 3600,P0000BFT,P0000BFT000B,40.91
(1)700영116평80,◈영림116 평80 (80*9) [중백색],텐텐지 백색1800x길이 85M 1800x길이 85M 백색,P0000CHC,P0000CHC000C,41.67
(1)700영116평문선,◈영림116 평문선 (60*12) [중백색],CRC보드하지용 미색 6T x 1220 x 2440,P0000BSU,P0000BSU000G,42.55
(1)700영161시트,◈영림161 인테리어필름(M),인테리어 필름 접착제(수용성 프라이머) 수용성 프라이머 1kg,P0000BGM,P0000BGM000A,42.11
(1)700영168301걸레,◈영림168PS120 301걸레받이 (30*9),레드파인계단재 계단판 30 x 610 x 3600,P0000BFO,P0000BFO000A,44.0
(1)700영16890021002,◈영림168PS120 분리형 110*900*2100/식기무,"합판문/문틀735,835,935 [문틀식기유] 110 x 900 x 2100",P0000BJX,P0000BJX000H,59.57
(1)700영168마이너,◈영림168PS120 마이너스몰딩 (25*15),쏘노클린후로링 15 x 150 x 1820 (단판),P0000BJI,P0000BJI000B,44.9
(1)700영168엣지,◈영림168PS120 엣지필름(25M),쏘노클린후로링 15 x 150 x 1820 (단판),P0000BJI,P0000BJI000B,32.56
(1)700영168평30,◈영림168PS120 평30 (30*9),오크(참나무)계단재 계단재 38 x 610 x 3600,P0000BFT,P0000BFT000B,44.44
(1)700영168평40,◈영림168PS120 평40 (40*9),MDF1220 x 2440mm 9T 일반 MDF,P0000BEB,P0000BEB000F,46.81
(1)700영168평60,◈영림168PS120 평60 (60*9),오크(참나무)계단재 계단재 38 x 610 x 3600,P0000BFT,P0000BFT000B,44.44
(1)700영169301걸레,◈영림169PS130 301걸레받이 (30*9),레드파인계단재 계단판 30 x 610 x 3600,P0000BFO,P0000BFO000A,44.0
(1)700영169401걸레,◈영림169PS130 401걸레받이 (40*9),이페19x90x2400데크재 19 x 90 x 2400,P0000BYB,P0000BYB000A,41.51
(1)700영16990021002,◈영림169PS130 분리형 110*900*2100/식기무,"합판문/문틀735,835,935 [문틀식기유] 110 x 900 x 2100",P0000BJX,P0000BJX000H,59.57
(1)700영169마이너,◈영림169PS130 마이너스몰딩 (25*15),무방부목15x95x3600데크재 15 x 95mm,P0000BMM,P0000BMM000A,42.31
(1)700영169엣지,◈영림169PS130 엣지필름(25M),무방부목15x95x3600데크재 15 x 95mm,P0000BMM,P0000BMM000A,34.78
(1)700영169평30,◈영림169PS130 평30 (30*9),오크(참나무)계단재 계단재 38 x 610 x 3600,P0000BFT,P0000BFT000B,44.44
(1)700영169평40,◈영림169PS130 평40 (40*9),이페19x90x2400데크재 19 x 90 x 2400,P0000BYB,P0000BYB000A,48.98
(1)700영169평60,◈영림169PS130 평60 (60*9),오크(참나무)계단재 계단재 38 x 610 x 3600,P0000BFT,P0000BFT000B,44.44
(1)700영194301걸레,◈영림194PS160 301걸레받이 (30*9),카플19x90x2400데크재 카플 19 x 90 x 1800,P0000BYC,P0000BYC000A,42.86
(1)700영194401걸레,◈영림194PS160 401걸레받이 (40*9),이페19x90x2400데크재 19 x 90 x 2400,P0000BYB,P0000BYB000A,45.28
(1)700영194마이너스,◈영림194PS160 마이너스몰딩 (25*15),무방부목15x95x3600데크재 15 x 95mm,P0000BMM,P0000BMM000A,42.31
(1)700영194평30,◈영림194PS160 평30 (30*9),카플19x90x2400데크재 카플 19 x 90 x 3000,P0000BYC,P0000BYC000E,46.15
(1)700영194평40,◈영림194PS160 평40 (40*9),이페19x90x2400데크재 19 x 90 x 2400,P0000BYB,P0000BYB000A,48.98
(1)700영194평60,◈영림194PS160 평60 (60*9),카플19x90x2400데크재 카플 19 x 90 x 3600,P0000BYC,P0000BYC000G,46.15
(1)700영195301걸레,◈영림195PS170 301걸레받이 (30*9),월넛 집성판사이드핑거 30T x 915 x 2300,P0000BJQ,P0000BJQ000D,43.14
(1)700영195401걸레,◈영림195PS170 401걸레받이 (40*9),이페19x90x2400데크재 19 x 90 x 2400,P0000BYB,P0000BYB000A,41.51
(1)700영195엣지,◈영림195PS170 엣지필름 (25M),무방부목15x95x3600데크재 15 x 95mm,P0000BMM,P0000BMM000A,34.78
(1)700영2580020001,◈영림25 분리형 110*800*2000/식기유,"합판문/문틀735,835,935 [문틀식기유] 110 x 800 x 2000",P0000BJX,P0000BJX000E,68.29
(1)700영2580020002,◈영림25 분리형 110*800*2000/식기무,"합판문/문틀735,835,935 [문틀식기유] 110 x 800 x 2000",P0000BJX,P0000BJX000E,68.29
(1)700영2590021001,◈영림25 분리형 110*900*2100/식기유,"합판문/문틀735,835,935 [문틀식기유] 110 x 900 x 2100",P0000BJX,P0000BJX000H,68.29
(1)700영2590021002,◈영림25 분리형 110*900*2100/식기무,"합판문/문틀735,835,935 [문틀식기유] 110 x 900 x 2100",P0000BJX,P0000BJX000H,68.29
(1)700영25코너대,◈영림25 코너기둥100 (100*12) 대,KCC방화 석고보드 12.5T x 900 x 1800,P0000BFE,P0000BFE000A,52.0
(1)700영25코너소,◈영림25 코너기둥40 (40*9) 소,오크(참나무)계단재 소봉 40 x 40 x 900,P0000BFT,P0000BFT000C,47.62
(1)700영2780020001,◈영림27 분리형 110*800*2000/식기유,"합판문/문틀735,835,935 [문틀식기유] 110 x 800 x 2000",P0000BJX,P0000BJX000E,68.29
(1)700영2780020002,◈영림27 분리형 110*800*2000/식기무,"합판문/문틀735,835,935 [문틀식기유] 110 x 800 x 2000",P0000BJX,P0000BJX000E,68.29
(1)700영2790021001,◈영림27 분리형 110*900*2100/식기유,"합판문/문틀735,835,935 [문틀식기유] 110 x 900 x 2100",P0000BJX,P0000BJX000H,68.29
(1)700영3480020002,◈영림34 분리형 110*800*2000/식기무,"합판문/문틀735,835,935 [문틀식기유] 110 x 800 x 2000",P0000BJX,P0000BJX000E,68.29
(1)700영402계단,◈영림40 2계단 소 (50*12) [인디언오크],오크 집성판사이드핑거 15T x 1220 x 2440,P0000BEV,P0000BEV000G,50.98
(1)700영403계단,◈영림40 3계단 (48*15) [인디언오크],오크 집성판사이드핑거 15T x 1220 x 2440,P0000BEV,P0000BEV000G,44.9
(1)700영4080020001,◈영림40 분리형 110*800*2000/식기유,"합판문/문틀735,835,935 [문틀식기유] 110 x 800 x 2000",P0000BJX,P0000BJX000E,68.29
(1)700영4080020002,◈영림40 분리형 110*800*2000/식기무,"합판문/문틀735,835,935 [문틀식기유] 110 x 800 x 2000",P0000BJX,P0000BJX000E,68.29
(1)700영4090021001,◈영림40 분리형 110*900*2100/식기유,"합판문/문틀735,835,935 [문틀식기유] 110 x 900 x 2100",P0000BJX,P0000BJX000H,68.29
(1)700영4090021002,◈영림40 분리형 110*900*2100/식기무,"합판문/문틀735,835,935 [문틀식기유] 110 x 900 x 2100",P0000BJX,P0000BJX000H,68.29
(1)700영40901걸레,◈영림40 901걸레받이 (90*9) [인디언오크],방킬라이19x90x2400데크재 방킬라이 19 x 90 x 3900,P0000BHT,P0000BHT000H,46.67
(1)700영40마이너,◈영림40 마이너스몰딩 (25*15) [인디언오크],"F단위타카핀(15,20,25,30,40,50) F 15",P0000BIR,P0000BIR000A,43.14
(1)700영40문선,◈영림40 문선 (58*15) [인디언오크],오크 집성판사이드핑거 15T x 1220 x 2440,P0000BEV,P0000BEV000G,45.83
(1)700영40엣지,◈영림40 엣지필름(25M),15T 직각 소형 템바루바(6EA/BOX)2400x106x15T클릭형 영림40 109 116 161 167  168 73 74,P0000CBP,P0000CBP000A,47.06
(1)700영40천정1,◈영림40 천정1번 (80*12) [인디언오크],오크 집성판사이드핑거 18T x 1220 x 2440,P0000BEV,P0000BEV000H,52.0
(1)700영40천정2,◈영림40 천정2번 (70*12) [인디언오크],레드오크 집성판솔리드 20T x 1000 x 2400,P0000BYL,P0000BYL000C,48.0
(1)700영40천정3,◈영림40 천정3번 (55*12) [인디언오크],오크 집성판사이드핑거 15T x 1220 x 2440,P0000BEV,P0000BEV000G,52.0
(1)700영40코너30,◈영림40 코너기둥30 (30*9) 미니,티크40x70x3600핸드레일 40 x 70 x 3600,P0000BXI,P0000BXI000A,44.0
(1)700영40코너대,◈영림40 코너기둥100 (100*12) 대,태고합판1220 x 2440mm 태고 12T x 1220 x 2440mm,P0000BEG,P0000BEG000B,50.0
(1)700영40코너소,◈영림40 코너기둥40 (40*9) 소,오크(참나무)계단재 소봉 40 x 40 x 900,P0000BFT,P0000BFT000C,47.62
(1)700영40코너중,◈영림40 코너기둥65 (65*12) 중,미송합판(유절)1220 x 2440mm 미송합판 15T,P0000BED,P0000BED000E,47.83
(1)700영40평100,◈영림40 평100 (100*9) [인디언오크],오크(참나무)계단재 대봉 90 x 90 x 1200,P0000BFT,P0000BFT000D,52.17
(1)700영40평120,◈영림40 평120 (120*9) [인디언오크],태고합판1220 x 2440mm 태고 12T x 1220 x 2440mm,P0000BEG,P0000BEG000B,53.85
(1)700영40평160,◈영림40 평160 (160*9) [인디언오크],레드오크 집성판솔리드 20T x 1000 x 2400,P0000BYL,P0000BYL000C,48.0
(1)700영40평200,◈영림40 평200 (200*9) [인디언오크],오크(참나무)계단재 대봉 90 x 90 x 1200,P0000BFT,P0000BFT000D,52.17
(1)700영40평250,◈영림40 평250 (250*9) [인디언오크],오크 집성판사이드핑거 15T x 1220 x 2440,P0000BEV,P0000BEV000G,48.0
(1)700영40평30,◈영림40 평30 (30*9) [인디언오크],오크(참나무)계단재 계단재 38 x 610 x 3600,P0000BFT,P0000BFT000B,48.89
(1)700영40평300,◈영림40 평300 (300*9) [인디언오크],PVC 점검구 PVC 점검구 300 x 300,P0000CBX,P0000CBX000A,55.56
(1)700영40평40,◈영림40 평40 (40*9) [인디언오크],오크(참나무)계단재 소봉 40 x 40 x 900,P0000BFT,P0000BFT000C,51.16
(1)700영40평60,◈영림40 평60 (60*9) [인디언오크],오크(참나무)계단재 계단재 38 x 610 x 3600,P0000BFT,P0000BFT000B,48.89
(1)700영40평80,◈영림40 평80 (80*9) [인디언오크],오크(참나무)계단재 소봉 40 x 40 x 900,P0000BFT,P0000BFT000C,46.51
(1)700영40필름M,◈영림40 인테리어필름(M),15T 직각 소형 템바루바(6EA/BOX)2400x106x15T클릭형 영림40 109 116 161 167  168 73 74,P0000CBP,P0000CBP000A,47.06
(1)700영5080020001,◈영림50 분리형 110*800*2000/식기유,"합판문/문틀735,835,935 [문틀식기유] 110 x 800 x 2000",P0000BJX,P0000BJX000E,68.29
(1)700영5080020002,◈영림50 분리형 110*800*2000/식기무,"합판문/문틀735,835,935 [문틀식기유] 110 x 800 x 2000",P0000BJX,P0000BJX000E,68.29
(1)700영5090021001,◈영림50 분리형 110*900*2100/식기유,"합판문/문틀735,835,935 [문틀식기유] 110 x 900 x 2100",P0000BJX,P0000BJX000H,68.29
(1)700영5090021002,◈영림50 분리형 110*900*2100/식기무,"합판문/문틀735,835,935 [문틀식기유] 110 x 900 x 2100",P0000BJX,P0000BJX000H,68.29
(1)700영50엣지,◈영림50 엣지필름(25M),"톱날 ( 대건금속, 타지마 ) 톱날 265 mm / 대건금속",P0000BIZ,P0000BIZ000A,38.71
(1)700영5380020001,◈영림53-1 분리형 110*800*2000/식기유,"합판문/문틀735,835,935 [문틀식기유] 110 x 800 x 2000",P0000BJX,P0000BJX000E,65.12
(1)700영5380020002,◈영림53-1 분리형 110*800*2000/식기무,"합판문/문틀735,835,935 [문틀식기유] 110 x 800 x 2000",P0000BJX,P0000BJX000E,65.12
(1)700영5390021001,◈영림53-1 분리형 110*900*2100/식기유,"합판문/문틀735,835,935 [문틀식기유] 110 x 900 x 2100",P0000BJX,P0000BJX000H,65.12
(1)700영5390021002,◈영림53-1 분리형 110*900*2100/식기무,"합판문/문틀735,835,935 [문틀식기유] 110 x 900 x 2100",P0000BJX,P0000BJX000H,65.12
(1)700영53시트,◈영림53-1 인테리어필름(M),인테리어 필름 접착제(수용성 프라이머) 수용성 프라이머 1kg,P0000BGM,P0000BGM000A,46.15
(1)700영53엣지,◈영림53-1 엣지필름(25M),재단비 결제 6~11.5mm,P0000BNF,P0000BNF000B,40.0
(1)700영PS170평40,◈영림195PS170 평40 (40*9),이페19x90x2400데크재 19 x 90 x 2400,P0000BYB,P0000BYB000A,48.98
(1)700영P백2계단대,◈영림 PVC 백색2계단 (50*15) (大),PVC 점검구 PVC 점검구 300 x 300,P0000CBX,P0000CBX000A,55.56
(1)700영P백2계단소,◈영림 PVC 백색2계단 (35*15) (小),PVC 점검구 PVC 점검구 300 x 300,P0000CBX,P0000CBX000A,55.56
(1)700영더1167331935,◈영림116 더도어 ABS TA-04 733*1935,영림더도어 TA-04 견적문의,P0000BZM,P0000BZM000A,47.62
(1)700영더1167331960,◈영림116 더도어 ABS TA-04 733*1960,영림더도어 TA-04 견적문의,P0000BZM,P0000BZM000A,47.62
(1)700영더1167332060,◈영림116 더도어 ABS TA-04 733*2060,영림더도어 TA-04 견적문의,P0000BZM,P0000BZM000A,47.62
(1)700영더1168332035,◈영림116 더도어 ABS TA-04 833*2035,영림더도어 TA-04 견적문의,P0000BZM,P0000BZM000A,47.62
(1)700영더1168332060,◈영림116 더도어 ABS TA-04 833*2060,영림더도어 TA-04 견적문의,P0000BZM,P0000BZM000A,47.62
(1)700영더1688332060,◈영림168PS120 더도어 ABS TA-04 833*2060,영림더도어 TA-04 견적문의,P0000BZM,P0000BZM000A,47.62
(1)700영더1698332060,◈영림169PS130 더도어 ABS TA-04 833*2060,영림더도어 TA-04 견적문의,P0000BZM,P0000BZM000A,47.62
(1)700영더257331935,◈영림25 더도어 ABS TA-04 733*1935,YDH-030S 실버도어 핸들영림 YDH-030 - 실버,P0000CEV,P0000CEV000A,48.15
(1)700영더258332035,◈영림25 더도어 ABS TA-04 833*2035,YDH-030S 실버도어 핸들영림 YDH-030 - 실버,P0000CEV,P0000CEV000A,48.15
(1)700영더277331935,◈영림27 더도어 ABS TA-04 733*1935,YDH-030S 실버도어 핸들영림 YDH-030 - 실버,P0000CEV,P0000CEV000A,48.15
(1)700영더278332060,◈영림27 더도어 ABS TA-04 833*2060,YDH-030S 실버도어 핸들영림 YDH-030 - 실버,P0000CEV,P0000CEV000A,48.15
(1)700영더347331935,◈영림34 더도어 ABS TA-04 733*1935,YDH-030S 실버도어 핸들영림 YDH-030 - 실버,P0000CEV,P0000CEV000A,48.15
(1)700영더348332035,◈영림34 더도어 ABS TA-04 833*2035,YDH-030S 실버도어 핸들영림 YDH-030 - 실버,P0000CEV,P0000CEV000A,48.15
(1)700영더407331935,◈영림40 더도어 ABS TA-04 733*1935,YDH-030S 실버도어 핸들영림 YDH-030 - 실버,P0000CEV,P0000CEV000A,48.15
(1)700영더408332035,◈영림40 더도어 ABS TA-04 833*2035,YDH-030S 실버도어 핸들영림 YDH-030 - 실버,P0000CEV,P0000CEV000A,48.15
(1)700영더408332060,◈영림40 더도어 ABS TA-04 833*2060,YDH-030S 실버도어 핸들영림 YDH-030 - 실버,P0000CEV,P0000CEV000A,48.15
(1)700영더537331935,◈영림53 더도어 ABS TA-04 733*1935,YDH-030S 실버도어 핸들영림 YDH-030 - 실버,P0000CEV,P0000CEV000A,48.15
(1)700영더537331960,◈영림53 더도어 ABS TA-04 733*1960,YDH-030S 실버도어 핸들영림 YDH-030 - 실버,P0000CEV,P0000CEV000A,48.15
(1)700영더538332035,◈영림53 더도어 ABS TA-04 833*2035,YDH-030S 실버도어 핸들영림 YDH-030 - 실버,P0000CEV,P0000CEV000A,48.15
(1)700영더538332060,◈영림53-1 더도어 ABS TA-04 833*2060,영림더도어 TA-04 견적문의,P0000BZM,P0000BZM000A,47.62
(1)700영렉스31208,◈영림 렉스판 8자312 (유광백색) 2400,렉스판리빙보드 렉스판 유광백색 (300x9x2400) 8자,P0000CAS,P0000CAS000A,65.38
(1)700영렉스31210,◈영림 렉스판 10자312 (유광백색) 3000,렉스판리빙보드 렉스판 유광백색 (300x9x3000) 10자,P0000CAS,P0000CAS000B,66.67
(1)700영렉스31212,◈영림 렉스판 12자312 (유광백색) 3600,렉스판리빙보드 렉스판 유광백색 (300x9x3600) 12자,P0000CAS,P0000CAS000C,66.67
(1)700영림P마이너,◈영림 PVC 마이너스25 (25*12),PVC 점검구 PVC 점검구 300 x 300,P0000CBX,P0000CBX000A,55.56
(1)700예HP52130걸레,◈예림HP521 30걸레받이 (30*9),월넛 집성판사이드핑거 30T x 915 x 2300,P0000BJQ,P0000BJQ000D,42.55
(1)700예HP52140걸레,◈예림HP521 40걸레받이 (40*9),PVC 점검구 PVC 점검구 400 x 400,P0000CBX,P0000CBX000B,41.18
(1)700예HP52230걸레,◈예림HP522 30걸레받이 (30*9),월넛 집성판사이드핑거 30T x 915 x 2300,P0000BJQ,P0000BJQ000D,42.55
(1)700예HP52240걸레,◈예림HP522 40걸레받이 (40*9),MDF1220 x 2440mm 9T 일반 MDF,P0000BEB,P0000BEB000F,42.55
(1)80011실리1투명,◈실리콘 투명○,바이오 실리콘 바이오 실리콘 [투명],P0000BHF,P0000BHF000A,100.0
(1)80011이지경실,◈이지경첩 실버 VN ★ [1조],"AFH-4350 이지경첩실버,골드,화이트,블랙 이지경첩 - 실버",P0000BJC,P0000BJC000A,70.0
(1)80011일반경실,◈일반경첩 실버 VN [1조],"일반경첩실버,골드,블랙 일반경첩 - 실버",P0000BZG,P0000BZG000A,70.0
(1)80011타카422J,◈422J (목공용 ㄷ자 타카핀),"J단위타카핀(416,149,422,1022) 핀 422J",P0000BIP,P0000BIP000C,45.45
(1)80012실리반투명,◈실리콘 반투명◑,바이오 실리콘 바이오 실리콘 [반투명],P0000BHF,P0000BHF000B,100.0
(1)80012이지경골,◈이지경첩 골드 SB [1조],"AFH-4350 이지경첩실버,골드,화이트,블랙 이지경첩 - 실버",P0000BJC,P0000BJC000A,70.0
(1)80012일반경골,◈일반경첩 골드 [1조],"일반경첩실버,골드,블랙 일반경첩 - 실버",P0000BZG,P0000BZG000A,82.35
(1)80013실리백색,◈실리콘 백색,수용성 실리콘(아크씰) 수성 실리콘 아크씰 [백색],P0000BHG,P0000BHG000A,100.0
(1)80013이지경블,◈이지경첩 블랙 BK [1조],"AFH-4350 이지경첩실버,골드,화이트,블랙 이지경첩 - 실버",P0000BJC,P0000BJC000A,70.0
(1)80013일반경블,◈일반경첩 블랙 [1조],"일반경첩실버,골드,블랙 일반경첩 - 실버",P0000BZG,P0000BZG000A,82.35
(1)80013총422,◈제일타카 422 ☞(타카총)☞,제일타카 1850A타카총/에어타카 422 타카총,P0000BIS,P0000BIS000C,100.0
(1)80014영림이지실버,◈[영림] 이지경첩 실버 ★ [1조],"AFH-4350 이지경첩실버,골드,화이트,블랙 이지경첩 - 실버",P0000BJC,P0000BJC000A,70.0
(1)80014영림일반실버,◈[영림] 일반경첩 실버 [1조],"일반경첩실버,골드,블랙 일반경첩 - 실버",P0000BZG,P0000BZG000A,70.0
(1)80014이지경백,◈이지경첩 백색 WT [1조],"AFH-4350 이지경첩실버,골드,화이트,블랙 이지경첩 - 백색",P0000BJC,P0000BJC000C,70.0
(1)80014피스톤422,◈피스톤 - 422,제일타카 1850A타카총/에어타카 422 타카총,P0000BIS,P0000BIS000C,60.0
(1)800CAP44흑,◈CAP44 흑색(캡90각),라인 타공판9T x 1184 x 2400방염 타공판/라인/흑색,P0000BVG,P0000BVG000F,33.33
(1)800가위,◈다목적 가위,KCC차음 석고보드 번들단가,P0000BFG,P0000BFG000C,19.05
(1)800고체연료,◈고체연료 17L (12KG) [에탄올 100% / 연소 12시간],"J단위타카핀(416,149,422,1022) 핀 1010J",P0000BIP,P0000BIP000D,43.33
(1)800골판지,◈골판지(종이/보양재) 40M*1100,골판지 종이 보양지 (40m/1롤) 종이 롤보양재 3T x 1100 x 40M,P0000CTS,P0000CTS000B,89.47
(1)800뎀핑레일실,◈실버 뎀핑슬라이딩레일(벽체커버용),"행거레일댐퍼형(30kg,50kg,80kg) 슬라이딩 레일 실버 2m",P0000CBW,P0000CBW000A,33.96
(1)800레일2,◈반자동 슬라이딩레일 (2M),"행거레일댐퍼형(30kg,50kg,80kg) 슬라이딩 레일 실버 2m",P0000CBW,P0000CBW000A,40.82
(1)800레일3,◈반자동 슬라이딩레일 (3M !!!),"행거레일댐퍼형(30kg,50kg,80kg) 슬라이딩 레일 실버 3m",P0000CBW,P0000CBW000B,40.82
(1)800로라미4,◈미니로라 4인치,평붓 평 붓 4인치,P0000BIY,P0000BIY000C,54.55
(1)800마대80,◈[50장 묶음] 마대 80KG (中) [일반],"행거레일댐퍼형(30kg,50kg,80kg) 양댐퍼 N30",P0000CBW,P0000CBW000C,46.81
(1)800마대90,◈[50장 묶음] 마대 90KG (大)★[대형],멀바우계단재 대봉 90 x 90 x 1200,P0000BFR,P0000BFR000D,44.44
(1)800마대PP,◈[50장 묶음] PP 마대 [고급],PVC 점검구 PVC 점검구 450 x 450,P0000CBX,P0000CBX000C,42.86
(1)800매거양321,◈매거진피스/양날(3*21) 2000PS ★코팅,자동연발피스 (양날) 매거진피스 3 x 21 (2000PCS/1박스) 코팅,P0000BMB,P0000BMB000D,83.72
(1)800매거양625,◈매거진피스/양날(6*25) 2000PS,자동연발피스 (양날) 매거진피스 6 x 25 (2000PCS/1박스),P0000BMB,P0000BMB000A,81.08
(1)800매거양632,◈매거진피스/양날(6*32) 1000PS,자동연발피스 (양날) 매거진피스 6 x 32 (1000PCS/1박스),P0000BMB,P0000BMB000B,81.08
(1)800매거양638,◈매거진피스/양날(6*38) 1000PS,자동연발피스 (양날) 매거진피스 6 x 38 (1000PCS/1박스),P0000BMB,P0000BMB000C,81.08
(1)800매거외321,◈매거진피스/외날(3*21) 2000PS ★코팅,자동연발피스 (외날) 매거진피스 3 x 21 (2000PCS/1박스) 코팅,P0000BLY,P0000BLY000D,83.72
(1)800매거외625,◈매거진피스/외날(6*25) 2000PS,자동연발피스 (외날) 매거진피스 6 x 25 (2000PCS/1박스),P0000BLY,P0000BLY000A,81.08
(1)800매거외625코,◈매거진피스/외날(6*25) 2000PS ★코팅,자동연발피스 (외날) 매거진피스 6 x 25 (2000PCS/1박스) 코팅,P0000BLY,P0000BLY000E,83.72
(1)800매거외632,◈매거진피스/외날(6*32) 1000PS,자동연발피스 (외날) 매거진피스 6 x 32 (1000PCS/1박스),P0000BLY,P0000BLY000B,81.08
(1)800매거외638,◈매거진피스/외날(6*38) 1000PS,자동연발피스 (외날) 매거진피스 6 x 38 (1000PCS/1박스),P0000BLY,P0000BLY000C,81.08
(1)800비닐대,◈비닐 0.1*1800*40M (두꺼움),골판지 종이 보양지 (40m/1롤) 풀로베니아(플라스틱) 보양재 3T x 900 x 1800,P0000CTS,P0000CTS000A,64.52
(1)800비닐소,◈비닐 0.05*1800*45M (얇음),브라운 애쉬 집성판솔리드 20 x 1000 x 1800,P0000BLA,P0000BLA000E,53.06
(1)800빗자루,◈ 빗자루,히노끼루바(유절) 10T8매/단 히노끼 루바 (유절/8자),P0000BYR,P0000BYR000A,13.79
(1)800빠찌링기본,◈자석 빠찌링,UV코팅 자작합판상도/하도 ----------,P0000BWI,P0000BWI000G,20.0
(1)800빠찌링백색,◈자석 빠찌링 백색(더블),바이오 실리콘 바이오 실리콘 [백색],P0000BHF,P0000BHF000C,36.36
(1)800빠찌링스텐,◈자석도어캐치(자석 빠찌링) 스텐(소),스텐 접시 양날피스 스텐 접시 양날피스 8 x 25 (소),P0000BJE,P0000BJE000A,37.84
(1)800사륜로라,◈행가용 (사륜 로라),라왕 집성판사이드핑거 -------------------,P0000BEW,P0000BEW000B,30.0
(1)800사포120,◈사포 (폐파) 120방,레드파인계단재 대봉 90 x 90 x 1200,P0000BFO,P0000BFO000G,40.0
(1)800사포220,◈사포 (폐파) 220방,재단비 결제 24~30mm,P0000BNF,P0000BNF000D,33.33
(1)800사포320,◈사포 (폐파) 320방,PVC 점검구 PVC 점검구 300 x 300,P0000CBX,P0000CBX000A,34.78
(1)800사포A원형,◈원형사포 (해바라기 폐파),재단비 결제 템바보드,P0000BNF,P0000BNF000H,26.09
(1)800서랍레일300,◈철레일300(서랍레일) 3단 고급★,3단 고급 서랍레일피스포함 300mm,P0000BLV,P0000BLV000A,54.05
(1)800서랍레일350,◈철레일350(서랍레일) 3단 고급★,3단 고급 서랍레일피스포함 300mm,P0000BLV,P0000BLV000A,54.05
(1)800서랍레일400,◈철레일400(서랍레일) 3단 고급★,3단 고급 서랍레일피스포함 300mm,P0000BLV,P0000BLV000A,54.05
(1)800서랍레일450,◈철레일450(서랍레일) 3단 고급★,3단 고급 서랍레일피스포함 300mm,P0000BLV,P0000BLV000A,54.05
(1)800서랍레일피스,◈서랍레일피스 3*16,3단 고급 서랍레일피스포함 300mm,P0000BLV,P0000BLV000A,60.61
(1)800석고본드,◈석고본드 (25KG),석고본드석고보드용 접착재 25Kg 1포 집본드 25Kg 1포,P0000BFN,P0000BFN000A,61.54
(1)800스텐피스25,◈스텐피스 25mm (양날/500개),윙스크류 양날피스 8 x 25 (500pcs),P0000BMA,P0000BMA000A,50.0
(1)800스텐피스32,◈스텐피스 32mm (양날/300개),"톱날 ( 대건금속, 타지마 ) 톱날 300 mm / 대건금속",P0000BIZ,P0000BIZ000C,51.43
(1)800스텐피스38,◈스텐피스 38mm (양날/300개),스텐 접시 양날피스 스텐 접시 양날피스 8 x 32,P0000BJE,P0000BJE000C,52.94
(1)800스텐피스50,◈스텐피스 50mm (양날/200개),방부 라티스 (15T) 15T x 1200mm x 2400mm,P0000BTH,P0000BTH000A,51.16
(1)800스토퍼말굽,◈말굽(말발굽) 도어스토퍼 자동(SN),자동연발피스 (양날) 매거진피스 6 x 32 (1000PCS/1박스),P0000BMB,P0000BMB000B,30.77
(1)800스토퍼블랙,◈일자 도어스토퍼(스프링) [블랙],"일반경첩실버,골드,블랙 일반경첩 - 골드",P0000BZG,P0000BZG000B,37.5
(1)800스토퍼실버,◈일자 도어스토퍼(스프링) [실버],"일반경첩실버,골드,블랙 일반경첩 - 실버",P0000BZG,P0000BZG000A,34.29
(1)800스톱바,◈행가레일(사륜) 스톱바,"우레탄폼 스프레이건용, 일회용, 크리너 월드 난연폼",P0000BHA,P0000BHA000G,27.03
(1)800실1701GR,◈실린더 1701 GR (핀/실버),실린더BPL-1701 GR (핀/실버) BPL-1701 실버,P0000BZE,P0000BZE000A,85.71
(1)800실5000BK,◈실린더 5000 BK (키/블랙) KEY,실린더BPL-5000 BK (키/블랙) KEY BPL-5000 실버,P0000CTO,P0000CTO000A,88.89
(1)800실5000GR,◈실린더 5000 GR (키/실버) KEY,실린더BPL-5000 GR (키/실버) KEY BPL-5000 실버,P0000BZA,P0000BZA000A,88.89
(1)800실5000WT,◈실린더 5000 WT (키/화이트) KEY,실린더BPL-5000 WT (키/화이트) KEY BPL-5000 실버,P0000CTP,P0000CTP000A,89.47
(1)800실5001BK,◈실린더 5001 BK (핀/블랙),실린더BPL-5001 BK (핀/블랙) BPL-5001 실버,P0000CTQ,P0000CTQ000A,85.71
(1)800실5001GR,◈실린더 5001 GR (핀/실버),실린더BPL-5001 GR (핀/실버) BPL-5001 실버,P0000BZB,P0000BZB000A,85.71
(1)800실5001WT,◈실린더 5001 WT (핀/화이트),실린더BPL-5001 WT (핀/화이트) BPL-5001 실버,P0000CTR,P0000CTR000A,86.67
(1)800실5100GR,◈실린더 5100 GR (키/실버) KEY,실린더BPL-5100 GR (키/실버) KEY BPL-5100 실버,P0000BZC,P0000BZC000A,88.89
(1)800실5101GR,◈실린더 5101 GR (핀/실버),실린더BPL-5101 GR (핀/실버) BPL-5101 실버,P0000BZD,P0000BZD000A,85.71
(1)800실6401GR,◈실린더 6401 GR (핀/실버),실린더BPL-6401 GR (핀/실버) BPL-6401 실버,P0000BZF,P0000BZF000A,85.71
(1)800실리B1투명,◈바이오실리콘(곰팡이 방지) 투명○,바이오 실리콘 바이오 실리콘 [투명],P0000BHF,P0000BHF000A,69.23
(1)800실리B반투명,◈바이오실리콘(곰팡이 방지) 반투명◑,바이오 실리콘 바이오 실리콘 [반투명],P0000BHF,P0000BHF000B,71.43
(1)800실리B백색,◈바이오실리콘(곰팡이 방지) 백색,바이오 실리콘 바이오 실리콘 [백색],P0000BHF,P0000BHF000C,69.23
(1)800실리C백색,◈아크씰 백색 (수용성/건축용/도장가능),수용성 실리콘(아크씰) 수성 실리콘 아크씰 [백색],P0000BHG,P0000BHG000A,74.07
(1)800실리골드,◈실리콘 골드 (금색),무초산형 실리콘 무초산형 실리콘 [골드],P0000BHE,P0000BHE000B,80.0
(1)800실리밤색,◈실리콘 밤색,무초산형 실리콘 무초산형 실리콘 [밤색],P0000BHE,P0000BHE000C,100.0
(1)800실리아이보리,◈실리콘 아이보리,무초산형 실리콘 무초산형 실리콘 [아이보리],P0000BHE,P0000BHE000E,100.0
(1)800실리우드,◈실리콘 우드,무초산형 실리콘 무초산형 실리콘 [우드],P0000BHE,P0000BHE000G,100.0
(1)800실리체리,◈실리콘 체리,무초산형 실리콘 무초산형 실리콘 [체리],P0000BHE,P0000BHE000I,100.0
(1)800실리콘건,◈실리콘 건,수용성 실리콘(아크씰) 실리콘 건 (PVC 컷팅),P0000BHG,P0000BHG000B,100.0
(1)800실리회색,◈실리콘 회색,무초산형 실리콘 무초산형 실리콘 [회색],P0000BHE,P0000BHE000F,100.0
(1)800실리흑색,◈실리콘 흑색,무초산형 실리콘 무초산형 실리콘 [흑색],P0000BHE,P0000BHE000H,100.0
(1)800실타615,◈실타카핀 615,"6단위실타카핀(615,618,625,630) 실타카핀615",P0000BJD,P0000BJD000A,54.55
(1)800실타618,◈실타카핀 618,"6단위실타카핀(615,618,625,630) 실타카핀615",P0000BJD,P0000BJD000A,54.55
(1)800실타625,◈실타카핀 625,"6단위실타카핀(615,618,625,630) 실타카핀615",P0000BJD,P0000BJD000A,54.55
(1)800실타630,◈실타카핀 630,"6단위실타카핀(615,618,625,630) 실타카핀615",P0000BJD,P0000BJD000A,54.55
(1)800쓰레받,◈PVC 쓰레받이,PVC 점검구 PVC 점검구 300 x 300,P0000CBX,P0000CBX000A,54.55
(1)800씽크경유15,◈씽크경첩 (15T / ★유압) OUT,씽크경첩 110도 18T 일반 / 유압 일반 씽크경첩(110도),P0000BLX,P0000BLX000A,64.71
(1)800씽크경유18,◈씽크경첩 (18T / ★유압),씽크경첩 110도 18T 일반 / 유압 일반 씽크경첩(110도),P0000BLX,P0000BLX000A,100.0
(1)800씽크경일15,◈씽크경첩 (15T / 일반),씽크경첩 110도 18T 일반 / 유압 일반 씽크경첩(110도),P0000BLX,P0000BLX000A,77.78
(1)800씽크경일18,◈씽크경첩 (18T / 일반),씽크경첩 110도 18T 일반 / 유압 일반 씽크경첩(110도),P0000BLX,P0000BLX000A,100.0
(1)800씽크경피스,◈씽크경첩피스 (4.0*16),스텐 접시 양날피스 스텐 접시 양날피스 8 x 50,P0000BJE,P0000BJE000E,50.0
(1)800아연피스25,◈아연피스 25mm (목재용/1000개),아연피스 ( 목재용 나팔머리 외날피스 ) 델타 6 x 25 (1000pcs),P0000BJT,P0000BJT000A,59.26
(1)800아연피스32,◈아연피스 32mm (목재용/1000개),아연피스 ( 목재용 나팔머리 외날피스 ) 델타 6 x 25 (1000pcs),P0000BJT,P0000BJT000A,59.26
(1)800아연피스38,◈아연피스 38mm (목재용/500개),아연피스 ( 목재용 나팔머리 외날피스 ) 델타 6 x 25 (1000pcs),P0000BJT,P0000BJT000A,61.54
(1)800아연피스50,◈아연피스 50mm (목재용/500개),아연피스 ( 목재용 나팔머리 외날피스 ) 델타 6 x 25 (1000pcs),P0000BJT,P0000BJT000A,61.54
(1)800아연피스65,◈아연피스 65mm (목재용/300개),아연피스 ( 목재용 나팔머리 외날피스 ) 델타 6 x 25 (1000pcs),P0000BJT,P0000BJT000A,61.54
(1)800아연피스75,◈아연피스 75mm (목재용/300개),아연피스 ( 목재용 나팔머리 외날피스 ) 델타 6 x 25 (1000pcs),P0000BJT,P0000BJT000A,61.54
(1)800아연피스90,◈아연피스 90mm (목재용/200개),아연피스 ( 목재용 나팔머리 외날피스 ) 델타 6 x 25 (1000pcs),P0000BJT,P0000BJT000A,61.54
(1)800액자레일2,◈액자레일-백색 (2M),바이오 실리콘 바이오 실리콘 [백색],P0000BHF,P0000BHF000C,40.0
(1)800에어건,◈에어건 [자석] ☞(총)☞,실리콘 건 실리콘 건,P0000BHD,P0000BHD000A,30.77
(1)800엘가이드,◈행가레일 엘가이드,"행거레일댐퍼형(30kg,50kg,80kg) 엘가이드",P0000CBW,P0000CBW000F,61.54
(1)800오메가12,◈오메가레일 12자,렉스판리빙보드 렉스판 유광백색 (300x9x3600) 12자,P0000CAS,P0000CAS000C,50.0
(1)800오메가7,◈오메가레일 7자,목재보호용오일스테인 외부용 0.75L,P0000BGY,P0000BGY000A,28.57
(1)800오메가8,◈오메가레일 8자,렉스판리빙보드 렉스판 유광백색 (300x9x2400) 8자,P0000CAS,P0000CAS000A,40.0
(1)800오메가9,◈오메가레일 9자,GS건설자이 천연 일반석고보드 번들단가,P0000CCL,P0000CCL000E,27.59
(1)800오목손사각,◈오목이 사각 니켈 [매립형 손잡이],오크 집성판사이드핑거 10장 이상 구매시 추가할인,P0000BEV,P0000BEV000K,31.82
(1)800오목손은,◈오목손잡이(은색),바이오 실리콘 바이오 실리콘 [백색],P0000BHF,P0000BHF000C,33.33
(1)800오목손타원,◈오목이 타원형 실버 [매립형 손잡이],무초산형 실리콘 무초산형 실리콘 [아이보리],P0000BHE,P0000BHE000E,32.26
(1)800오일116투명,◈오일스텐 16L [말통] (투명)○○,목재보호용오일스테인 외부용 16L,P0000BGY,P0000BGY000C,50.0
(1)800오일135투명,◈오일스텐 3.5L (투명)○○,목재보호용오일스테인 외부용 3.5L,P0000BGY,P0000BGY000B,58.06
(1)800오일16도토리,◈오일스텐 16L [말통] (도토리),목재보호용오일스테인 외부용 16L,P0000BGY,P0000BGY000C,42.42
(1)800오일16밤색,◈오일스텐 16L [말통] (밤색),목재보호용오일스테인 외부용 16L,P0000BGY,P0000BGY000C,43.75
(1)800오일16월넛,◈오일스텐 16L [말통] (월넛),목재보호용오일스테인 외부용 16L,P0000BGY,P0000BGY000C,50.0
(1)800오일16코코넛,◈오일스텐 16L [말통] (코코넛),목재보호용오일스테인 외부용 16L,P0000BGY,P0000BGY000C,48.48
(1)800오일16티크,◈오일스텐 16L [말통] (티크),목재보호용오일스테인 외부용 16L,P0000BGY,P0000BGY000C,50.0
(1)800오일16흑단,◈오일스텐 16L [말통] (흑단),목재보호용오일스테인 외부용 16L,P0000BGY,P0000BGY000C,50.0
(1)800오일16흑색,◈오일스텐 16L [말통] (흑색),목재보호용오일스테인 외부용 16L,P0000BGY,P0000BGY000C,50.0
(1)800오일35다크오렌,◈오일스텐 3.5L (다크오렌지),목재보호용오일스테인 외부용 3.5L,P0000BGY,P0000BGY000B,47.06
(1)800오일35도토리,◈오일스텐 3.5L (도토리),목재보호용오일스테인 외부용 3.5L,P0000BGY,P0000BGY000B,50.0
(1)800오일35레드와인,◈오일스텐 3.5L (레드와인),목재보호용오일스테인 외부용 3.5L,P0000BGY,P0000BGY000B,48.48
(1)800오일35마호가니,◈오일스텐 3.5L (마호가니),목재보호용오일스테인 외부용 3.5L,P0000BGY,P0000BGY000B,54.55
(1)800오일35밝은오크,◈오일스텐 3.5L (밝은오크),목재보호용오일스테인 외부용 3.5L,P0000BGY,P0000BGY000B,48.48
(1)800오일35밤색,◈오일스텐 3.5L (밤색),목재보호용오일스테인 외부용 3.5L,P0000BGY,P0000BGY000B,51.61
(1)800오일35살구색,◈오일스텐 3.5L (살구색),목재보호용오일스테인 외부용 3.5L,P0000BGY,P0000BGY000B,50.0
(1)800오일35연녹색,◈오일스텐 3.5L (연녹색),목재보호용오일스테인 외부용 3.5L,P0000BGY,P0000BGY000B,50.0
(1)800오일35연밤색,◈오일스텐 3.5L (연밤색),목재보호용오일스테인 외부용 3.5L,P0000BGY,P0000BGY000B,50.0
(1)800오일35월넛,◈오일스텐 3.5L (월넛),목재보호용오일스테인 외부용 3.5L,P0000BGY,P0000BGY000B,58.06
(1)800오일35자단,◈오일스텐 3.5L (자단),목재보호용오일스테인 외부용 3.5L,P0000BGY,P0000BGY000B,58.06
(1)800오일35참나무,◈오일스텐 3.5L (참나무),목재보호용오일스테인 외부용 3.5L,P0000BGY,P0000BGY000B,56.25
(1)800오일35체리,◈오일스텐 3.5L (체리),목재보호용오일스테인 외부용 3.5L,P0000BGY,P0000BGY000B,58.06
(1)800오일35코코넛,◈오일스텐 3.5L (코코넛),목재보호용오일스테인 외부용 3.5L,P0000BGY,P0000BGY000B,56.25
(1)800오일35티크,◈오일스텐 3.5L (티크),목재보호용오일스테인 외부용 3.5L,P0000BGY,P0000BGY000B,58.06
(1)800오일35화이트,◈오일스텐 3.5L (화이트),목재보호용오일스테인 외부용 3.5L,P0000BGY,P0000BGY000B,56.25
(1)800오일35황색,◈오일스텐 3.5L (황색),목재보호용오일스테인 외부용 3.5L,P0000BGY,P0000BGY000B,58.06
(1)800오일35흑단,◈오일스텐 3.5L (흑단),목재보호용오일스테인 외부용 3.5L,P0000BGY,P0000BGY000B,58.06
(1)800오일35흑색,◈오일스텐 3.5L (흑색),목재보호용오일스테인 외부용 3.5L,P0000BGY,P0000BGY000B,58.06
(1)800윙스25,◈윙스크류 25mm (양날/접시/500개),윙스크류 양날피스 8 x 25 (500pcs),P0000BMA,P0000BMA000A,65.12
(1)800윙스252,◈윙스크류 25mm (양날/접시/★1000개!!),윙스크류 양날피스 8 x 55 (300pcs),P0000BMA,P0000BMA000E,54.55
(1)800윙스32,◈윙스크류 32mm (양날/접시/500개),윙스크류 양날피스 8 x 32 (500pcs),P0000BMA,P0000BMA000B,65.12
(1)800윙스38,◈윙스크류 38mm (양날/접시/500개),윙스크류 양날피스 8 x 38 (500pcs),P0000BMA,P0000BMA000C,65.12
(1)800윙스45,◈윙스크류 45mm (양날/접시/500개),윙스크류 양날피스 8 x 45 (500pcs),P0000BMA,P0000BMA000D,65.12
(1)800윙스55,◈윙스크류 55mm (양날/접시/300개),윙스크류 양날피스 8 x 55 (300pcs),P0000BMA,P0000BMA000E,65.12
(1)800유리다보,◈유리다보 (판매용),마감용 구조재인테리어등급 ----------,P0000BEL,P0000BEL000F,28.57
(1)800자유경3,◈자유경첩 3인치 [1조],평붓 평 붓 3인치,P0000BIY,P0000BIY000B,47.62
(1)800자유경4,◈자유경첩 4인치 [1조],평붓 평 붓 4인치,P0000BIY,P0000BIY000C,47.62
(1)800장갑1코팅R,◈코팅장갑(RED) 1타(10개묶음),반코팅 장갑 (1타/10개) 1타 (10개),P0000BLZ,P0000BLZ000A,73.33
(1)800장갑기능대,◈기능성장갑 (대),NBR코팅 장갑 기능성장갑 (대),P0000CAH,P0000CAH000C,100.0
(1)800장갑기능소,◈기능성장갑 (소),NBR코팅 장갑 기능성장갑 (소),P0000CAH,P0000CAH000A,100.0
(1)800장갑기능중,◈기능성장갑 (중),NBR코팅 장갑 기능성장갑 (중),P0000CAH,P0000CAH000B,100.0
(1)800점검300,◈점검구[자동] 300*300,PVC 점검구 PVC 점검구 300 x 300,P0000CBX,P0000CBX000A,85.71
(1)800점검400,◈점검구[자동] 400*400,PVC 점검구 PVC 점검구 400 x 400,P0000CBX,P0000CBX000B,85.71
(1)800점검450,◈점검구[자동] 450*450 ★,PVC 점검구 PVC 점검구 450 x 450,P0000CBX,P0000CBX000C,85.71
(1)800점검600,◈점검구[자동] 600*600,알루미늄 점검구 알루미늄 점검구 600 x 600,P0000BJB,P0000BJB000D,85.71
(1)800점검AL600,◈AL 점검구[백색도장] 600*600,알루미늄 점검구 알루미늄 점검구 600 x 600,P0000BJB,P0000BJB000D,78.26
(1)800점검PVC300,◈PVC 점검구 300*300 밀폐형,PVC 점검구 PVC 점검구 300 x 300,P0000CBX,P0000CBX000A,100.0
(1)800점검PVC400,◈PVC 점검구 400*400 밀폐형,PVC 점검구 PVC 점검구 400 x 400,P0000CBX,P0000CBX000B,100.0
(1)800점검PVC450,◈PVC 점검구 450*450 밀폐형,PVC 점검구 PVC 점검구 450 x 450,P0000CBX,P0000CBX000C,100.0
(1)800점검PVC600,◈PVC 점검구 600*600 밀폐형,PVC 점검구 PVC 점검구 300 x 300,P0000CBX,P0000CBX000A,81.82
(1)800접시13,◈접시머리 양날피스 13mm(1000개),접시머리 양날피스(황색) 접시머리 양날피스 8 x 13 (1000pcs),P0000BJA,P0000BJA000A,72.34
(1)800접시25,◈접시머리 양날피스 25mm(500개),접시머리 양날피스(황색) 접시머리 양날피스 8 x 25 (500pcs),P0000BJA,P0000BJA000B,71.11
(1)800접시32,◈접시머리 양날피스 32mm(500개),접시머리 양날피스(황색) 접시머리 양날피스 8 x 32 (500pcs),P0000BJA,P0000BJA000C,71.11
(1)800접시38,◈접시머리 양날피스 38mm(500개),접시머리 양날피스(황색) 접시머리 양날피스 8 x 38 (500pcs),P0000BJA,P0000BJA000D,71.11
(1)800접착205,◈205 본드 (오공 / 목공용),목공용 본드 205 205 오공본드 (낱개),P0000BGK,P0000BGK000A,86.96
(1)800접착777,◈강력 스프레이 접착제 777,다용도 스프레이 접착제 707 다용도 강력스프레이 접착제,P0000BGR,P0000BGR000A,73.68
(1)800접착G1원,◈[원평] G1 본드 (18L),보드 합지 접착제 G-1 본드 (18L) 원평 G1 본드 (18L),P0000BVU,P0000BVU000A,100.0
(1)800접착G2원,◈[원평] G2 본드 (10KG),단열 보드 접착제 G-2 본드 (10kg) 원평 G2 본드 (10kg),P0000BVV,P0000BVV000A,100.0
(1)800접착G3원,◈[원평] G3플러스 (몰타론7000/15KG),몰탈 접착 증강제 G-3 본드 (15kg) 원평 G3 본드 (15kg),P0000BVW,P0000BVW000A,50.0
(1)800접착아이소,◈아이소핑크 접착제 (스티로폼용),아이소핑크(단열재 접착제) 850g 아이소핑크 (850g),P0000BGQ,P0000BGQ000A,75.0
(1)800접착에폭4,◈에폭시 (석재용 접착제) 4+4KG [소],석재용 접착제 (에폭시) 석재용 에폭시 (8kg),P0000BGS,P0000BGS000A,84.62
(1)800접착에폭A10,◈에폭시 (석재용 접착제) 10+10KG [대],석재용 접착제 (에폭시) 석재용 에폭시 (8kg),P0000BGS,P0000BGS000A,84.62
(1)800접착프라1,◈수성 프라이머(필름 접착제) (1KG) 소,인테리어 필름 접착제(수용성 프라이머) 수용성 프라이머 1kg,P0000BGM,P0000BGM000A,85.71
(1)800접착프라3,◈수성 프라이머(필름 접착제) (3KG) 대,인테리어 필름 접착제(수용성 프라이머) 수용성 프라이머 3kg,P0000BGM,P0000BGM000B,85.71
(1)800줄자55국,◈줄자 [국산] 5.5M,투습방수지 타이벡 50m 국산 타이랩 1.5 x 50m,P0000CAU,P0000CAU000C,57.14
(1)800줄자55세,◈줄자[세신/국산] 5.5M,투습방수지 타이벡 50m 국산 타이랩 1.5 x 50m,P0000CAU,P0000CAU000C,47.06
(1)800줄자55타,◈줄자 [타지마/고급 일본산] 5.5M,투습방수지 타이벡 50m 국산 타이랩 1.5 x 50m,P0000CAU,P0000CAU000C,50.0
(1)800줄자75타,◈줄자 [타지마/고급 일본산] 7.5M,투습방수지 타이벡 50m 국산 타이랩 2.8 x 50m,P0000CAU,P0000CAU000D,45.45
(1)800철기리30,◈철기리 [10 PCS/각]● 3.0MM,PVC 점검구 PVC 점검구 300 x 300,P0000CBX,P0000CBX000A,45.16
(1)800철기리32,◈철기리 [10 PCS/각]● 3.2MM,방부목각재/데크재 2” X 10” (38mm X 235mm),P0000BEI,P0000BEI000H,48.89
(1)800철기리33,◈철기리 [10 PCS/각]● 3.3MM,방부목각재/데크재 2” X 10” (38mm X 235mm),P0000BEI,P0000BEI000H,48.89
(1)800총1850A,◈제일타카 1850A ☞(타카총)☞,제일타카 1850A타카총/에어타카 1850A 타카총,P0000BIS,P0000BIS000D,100.0
(1)800총630R,◈제일타카 630R ☞(타카총)☞,제일타카 1850A타카총/에어타카 F30 타카총,P0000BIS,P0000BIS000A,76.19
(1)800총BN1664,◈제일타카 BN 16/64 ☞(타카총)☞,제일타카 1850A타카총/에어타카 T64 타카총,P0000BIS,P0000BIS000F,65.12
(1)800총CT64,◈제일타카 CT64RS ☞(총)☞,제일타카 1850A타카총/에어타카 CT64 타카총,P0000BIS,P0000BIS000E,55.0
(1)800총F30,◈제일타카 F30 ☞(타카총)☞,제일타카 1850A타카총/에어타카 F30 타카총,P0000BIS,P0000BIS000A,100.0
(1)800칼브럭625,◈칼브럭 (6*25) 60mm,자동연발피스 (양날) 매거진피스 6 x 25 (2000PCS/1박스),P0000BMB,P0000BMB000A,57.14
(1)800칼브럭640,◈칼브럭 (6*40) 70mm,마감용 구조재인테리어등급 70mm X 70mm,P0000BEL,P0000BEL000O,57.14
(1)800칼브럭812,◈칼브럭 (8*12) 50mm,미송합판(유절)1220 x 2440mm 미송합판 15T,P0000BED,P0000BED000E,55.0
(1)800칼브럭890,◈칼브럭 (8*90) 90mm,마감용 구조재인테리어등급 90mm X 90mm,P0000BEL,P0000BEL000P,57.14
(1)800캇타칼,◈캇타칼 (일반),목모보드(4면면취/내추럴)두께별 x 600 x 2400KS인증제품 일반 15T x 600 x 2400,P0000CBD,P0000CBD000A,50.0
(1)800캇타칼고급,◈캇타칼 (★고급 전문가용/일제),폴리우레탄 폼 전용 건 폴리우레탄폼 일회용,P0000BGZ,P0000BGZ000A,32.43
(1)800캇타칼날,◈캇타칼날 (10 PCS),PVC 점검구 PVC 점검구 300 x 300,P0000CBX,P0000CBX000A,41.67
(1)800콩피스816,◈와셔붙이/양날(콩피스) (8*16) 1000PS,접시머리 양날피스(황색) 접시머리 양날피스 8 x 13 (1000pcs),P0000BJA,P0000BJA000A,65.38
(1)800타카1022J,◈1022J (목공용 ㄷ자 타카핀),"J단위타카핀(416,149,422,1022) 핀 1022J",P0000BIP,P0000BIP000E,50.0
(1)800타카1ST18,◈ST18 [콘크리트용],무초산형 실리콘 무초산형 실리콘 [체리],P0000BHE,P0000BHE000I,28.57
(1)800타카1ST25,◈ST25 [콘크리트용],무초산형 실리콘 무초산형 실리콘 [체리],P0000BHE,P0000BHE000I,28.57
(1)800타카1ST32,◈ST32 [콘크리트용],무초산형 실리콘 무초산형 실리콘 [체리],P0000BHE,P0000BHE000I,28.57
(1)800타카1ST38,◈ST38 [콘크리트용],마감용 구조재인테리어등급 2” X 2” (38mm X 38mm),P0000BEL,P0000BEL000G,31.25
(1)800타카1ST45,◈ST45 [콘크리트용],무초산형 실리콘 무초산형 실리콘 [체리],P0000BHE,P0000BHE000I,28.57
(1)800타카1ST50,◈ST50 [콘크리트용],무초산형 실리콘 무초산형 실리콘 [체리],P0000BHE,P0000BHE000I,28.57
(1)800타카1ST57,◈ST57 [콘크리트용],무초산형 실리콘 무초산형 실리콘 [체리],P0000BHE,P0000BHE000I,28.57
(1)800타카1ST64,◈ST64 [콘크리트용],무초산형 실리콘 무초산형 실리콘 [체리],P0000BHE,P0000BHE000I,28.57
(1)800타카416J,◈416J (목공용 ㄷ자 타카핀),"J단위타카핀(416,149,422,1022) 핀 416J",P0000BIP,P0000BIP000A,45.45
(1)800타카419J,◈419J (목공용 ㄷ자 타카핀),"J단위타카핀(416,149,422,1022) 핀 419J",P0000BIP,P0000BIP000B,45.45
(1)800타카DT50,◈DT50 [목재용],아연피스 ( 목재용 나팔머리 외날피스 ) 델타 6 x 25 (1000pcs),P0000BJT,P0000BJT000A,54.55
(1)800타카DT64,◈DT64 [목재용],아연피스 ( 목재용 나팔머리 외날피스 ) 델타 6 x 25 (1000pcs),P0000BJT,P0000BJT000A,54.55
(1)800타카F15,◈핀F15,재단비 결제 6~11.5mm,P0000BNF,P0000BNF000B,21.05
(1)800타카F20,◈핀F20,재단비 결제 24~30mm,P0000BNF,P0000BNF000D,22.22
(1)800타카F25,◈핀F25,재단비 결제 14.5~23mm,P0000BNF,P0000BNF000C,20.0
(1)800타카F30,◈핀F30,PVC 점검구 PVC 점검구 300 x 300,P0000CBX,P0000CBX000A,23.53
(1)800타카F40,◈핀F40,PVC 점검구 PVC 점검구 400 x 400,P0000CBX,P0000CBX000B,23.53
(1)800타카F50,◈핀F50,PVC 점검구 PVC 점검구 450 x 450,P0000CBX,P0000CBX000C,23.53
(1)800타카FST15,◈FST15 [얇은 콘크리트용],오크 집성판사이드핑거 12T x 915 x 2300,P0000BEV,P0000BEV000A,30.0
(1)800타카FST18,◈FST18 [얇은 콘크리트용],CRC보드하지용 미색 12T x 900 x 1800,P0000BSU,P0000BSU000E,30.0
(1)800타카FST25,◈FST25 [얇은 콘크리트용],목공용 본드 205 205 오공본드 (낱개),P0000BGK,P0000BGK000A,31.25
(1)800타카FST30,◈FST30 [얇은 콘크리트용],삼나무 집성판솔리드 18T x 300 x 2440,P0000BEZ,P0000BEZ000F,30.77
(1)800타카JST18,◈JST18[콘크리트용/테이프마감](=LST18),마감용 구조재인테리어등급 1” X 8” (19mm X 184mm),P0000BEL,P0000BEL000C,37.74
(1)800타카JST25,◈JST25[콘크리트용/테이프마감](=LST25),마감용 구조재인테리어등급 2” X 10” (38mm X 235mm),P0000BEL,P0000BEL000K,33.33
(1)800타카JST32,◈JST32[콘크리트용/테이프마감](=LST32),마감용 구조재인테리어등급 2” X 2” (38mm X 38mm),P0000BEL,P0000BEL000G,35.56
(1)800타카JST38,◈JST38[콘크리트용/테이프마감](=LST38),마감용 구조재인테리어등급 2” X 2” (38mm X 38mm),P0000BEL,P0000BEL000G,35.56
(1)800타카JST45,◈JST45[콘크리트용/테이프마감](=LST45),실린더BPL-5001 WT (핀/화이트) BPL-5001 화이트,P0000CTR,P0000CTR000B,29.79
(1)800타카JST50,◈JST50[콘크리트용/테이프마감](=LST50),실린더BPL-5001 WT (핀/화이트) BPL-5001 화이트,P0000CTR,P0000CTR000B,34.04
(1)800타카JST64,◈JST64[콘크리트용/테이프마감](=LST64),마감용 구조재인테리어등급 60mm X 60mm,P0000BEL,P0000BEL000N,32.56
(1)800타카T50,◈T50 (=C50) (티),"C타카핀타카핀(C50,C57,C64) C50 (T50)",P0000BVS,P0000BVS000A,87.5
(1)800타카T57,◈T57 (=C57) (티),"C타카핀타카핀(C50,C57,C64) C57 (T57)",P0000BVS,P0000BVS000B,87.5
(1)800타카T64,◈T64 (=C64) (티),"C타카핀타카핀(C50,C57,C64) C64 (T64)",P0000BVS,P0000BVS000C,87.5
(1)800테잎25은,◈은박테이프 (단열재 전용) 25M (소),단열재 은박테이프열반사단열재전용 은박테이프 폭 5cm 길이 40m,P0000BIG,P0000BIG000A,66.67
(1)800테잎50은,◈은박테이프 (단열재 전용) 50M (대)★,단열재 은박테이프열반사단열재전용 은박테이프 폭 5cm 길이 40m,P0000BIG,P0000BIG000A,66.67
(1)800테잎마스대,◈마스킹테이프 (대) 50mm*40M,방부 라티스 (15T) 15T x 1200mm x 2400mm,P0000BTH,P0000BTH000A,48.89
(1)800테잎마스소,◈마스킹테이프 (소) 25mm*40M,방부 라티스 (15T) 15T x 1200mm x 2400mm,P0000BTH,P0000BTH000A,53.33
(1)800테잎박스,◈테이프(OPP 박스테이프),단열재 은박테이프열반사단열재전용 은박테이프 폭 5cm 길이 40m,P0000BIG,P0000BIG000A,36.73
(1)800테잎청,◈테이프(청테이프),단열재 은박테이프열반사단열재전용 은박테이프 폭 5cm 길이 40m,P0000BIG,P0000BIG000A,31.82
(1)800테잎커버2000,◈커버링테이프 (중) 2000mm*20M,방부 라티스 (15T) 15T x 1200mm x 2400mm,P0000BTH,P0000BTH000A,55.32
(1)800테잎커버2700,◈커버링테이프 (대) 2700mm*20M,방부 라티스 (15T) 15T x 1200mm x 2400mm,P0000BTH,P0000BTH000A,55.32
(1)800테잎커버900,◈커버링테이프 (소) 900mm*20M,방부 라티스 (15T) 15T x 1200mm x 2400mm,P0000BTH,P0000BTH000A,52.17
(1)800테잎플로,◈우벤테이프 ★(플로베니아/골판지 용),플로베니아 백색 900*1800 풀로베니아(플라스틱) 보양재 3T x 900 x 1800,P0000BLQ,P0000BLQ000A,45.45
(1)800텐텐지,◈텐텐지 (건축용 보양재) 1.8M*85M,방부목각재/데크재 2” X 12” (38mm X 285mm),P0000BEI,P0000BEI000I,53.06
(1)800톱날265대,◈톱날 265mm (국산/대건) [1봉(3개입)],"톱날 ( 대건금속, 타지마 ) 톱날 265 mm / 대건금속",P0000BIZ,P0000BIZ000A,56.41
(1)800톱날300대,◈톱날 300mm (국산/대건) [1봉(3개입)],"톱날 ( 대건금속, 타지마 ) 톱날 300 mm / 대건금속",P0000BIZ,P0000BIZ000C,56.41
(1)800톱날330대,◈톱날 330mm (국산/대건) [1봉(3개입)],"톱날 ( 대건금속, 타지마 ) 톱날 330 mm / 대건금속",P0000BIZ,P0000BIZ000E,56.41
(1)800톱날A265타,◈톱날 265mm (일제/타지마)[1봉(3개입)],"톱날 ( 대건금속, 타지마 ) 톱날 265 mm / 대건금속",P0000BIZ,P0000BIZ000A,65.0
(1)800톱날A300타,◈톱날 300mm (일제/타지마)[1봉(3개입)],"톱날 ( 대건금속, 타지마 ) 톱날 300 mm / 대건금속",P0000BIZ,P0000BIZ000C,65.0
(1)800톱날A330타,◈톱날 330mm (일제/타지마)[1봉(3개입)],"톱날 ( 대건금속, 타지마 ) 톱날 330 mm / 대건금속",P0000BIZ,P0000BIZ000E,65.0
(1)800톱대,◈톱대 (손잡이) 권총형,무초산형 실리콘 무초산형 실리콘 [투명],P0000BHE,P0000BHE000A,28.57
(1)800퍼티20,◈마스터 퍼티 (내부용/20KG) 大,석재용 접착제 (에폭시) 석재용 에폭시 (20kg),P0000BGS,P0000BGS000B,51.61
(1)800퍼티5,◈마스터 퍼티 (내부용/5KG) 小,석재용 접착제 (에폭시) 석재용 에폭시 (8kg),P0000BGS,P0000BGS000A,41.38
(1)800평붓2,◈평붓 2인치,평붓 평 붓 2인치,P0000BIY,P0000BIY000A,100.0
(1)800평붓3,◈평붓 3인치,평붓 평 붓 3인치,P0000BIY,P0000BIY000B,100.0
(1)800평붓4,◈평붓 4인치,평붓 평 붓 4인치,P0000BIY,P0000BIY000C,100.0
(1)800평붓5,◈평붓 5인치,평붓 평 붓 5인치,P0000BIY,P0000BIY000D,100.0
(1)800플로3,◈플로베니아 (PVC보양재) 3T*900*1800,플로베니아 백색 900*1800 풀로베니아(플라스틱) 보양재 3T x 900 x 1800,P0000BLQ,P0000BLQ000A,84.44
(1)800피스다보,◈피스다보 (판매용),스텐 접시 양날피스 스텐 접시 양날피스 8 x 32,P0000BJE,P0000BJE000C,24.0
(1)800피스톤630,◈피스톤 - 630,"6단위실타카핀(615,618,625,630) 실타카핀615",P0000BJD,P0000BJD000A,60.0
(1)800피스톤CT64,◈피스톤 - CT64N,제일타카 1850A타카총/에어타카 CT64 타카총,P0000BIS,P0000BIS000E,27.78
(1)800피스톤F30,◈피스톤 - F30,제일타카 1850A타카총/에어타카 F30 타카총,P0000BIS,P0000BIS000A,60.0
(1)800하폼건월드1,◈월드폼[좋은폼] ☞(건용폼 / 우레탄폼)☞,월드폼좋은폼 건타입 월드폼 좋은폼 건타입,P0000CRZ,P0000CRZ000B,64.71
(1)800하폼건월드2,◈월드폼본드 B2 (접착용 / 건용),월드폼폼본드(난연/B2) 건타입 월드폼 폼본드(난연/B2) 건타입,P0000CRY,P0000CRY000E,56.41
(1)800하폼건월드3,◈스프레이폼 (월드폼/ 단열폼 / 건용),월드폼스프레이폼 건타입 월드폼 스프레이폼 건타입,P0000CSB,P0000CSB000B,72.0
(1)800하폼건월드4,◈스피드폼 (월드폼/ 건용),월드폼스피드폼 건타입 월드폼 스피드폼 건타입,P0000CSA,P0000CSA000B,84.21
(1)800하폼건월드5,◈티탄 방화폼 B1 (월드폼),월드폼티탄 B1 난연폼 월드폼 티탄 B1 난연폼,P0000CTM,P0000CTM000B,81.82
(1)800하폼건월드8,◈[일회용폼!!] 월드폼[좋은폼] (우레탄폼),월드폼좋은폼 (1회용/빨대형) 월드폼 좋은폼 (1회용/빨대형),P0000CTK,P0000CTK000B,58.33
(1)800하폼건월드9,◈☞폼건☜ 월드폼 251 (우레탄폼건),월드폼월드 251건 월드폼 월드 251건,P0000CTN,P0000CTN000B,60.61
(1)800하폼크리너,◈폼 크리너 (폼건 세척제),"우레탄폼 스프레이건용, 일회용, 크리너 폴리우레탄폼 전용 건 세척제",P0000BHA,P0000BHA000D,73.68
(1)800핫멜트1심,◈핫멜트 심 (접착제/1봉 25개),스틱형 다용도 접착제(핫멜트+글루건) 글루심(핫멜트) 1봉지(25ea),P0000BGN,P0000BGN000A,62.5
(1)800핫멜트건,◈핫멜트 건 ☞(고급 총)☞,스틱형 다용도 접착제(핫멜트+글루건) 글루건,P0000BGN,P0000BGN000B,48.28
(1)800핫팩,◈핫팩 [대형 160g],반코팅 장갑 (1타/10개) 1타 (10개),P0000BLZ,P0000BLZ000A,34.78
(1)800행가노출2,◈노출형행가 (노출형/흑색/양댐퍼) 2M,스텐 접시 양날피스 스텐 접시 양날피스 8 x 32,P0000BJE,P0000BJE000C,33.33
(1)800행가레일2,◈행가레일(사륜용) 2M (32*32),스텐 접시 양날피스 스텐 접시 양날피스 8 x 32,P0000BJE,P0000BJE000C,42.42
(1)800행가양댐30,◈반자동행가 로라셋트(양댐퍼) N30 [도어폭700이상],"행거레일댐퍼형(30kg,50kg,80kg) 양댐퍼 N30",P0000CBW,P0000CBW000C,45.61
(1)800행가양댐50,◈반자동행가 로라셋트(양댐퍼) N50 [도어폭900이상],"행거레일댐퍼형(30kg,50kg,80kg) 양댐퍼 N50",P0000CBW,P0000CBW000D,45.61
(1)800행가양댐80,◈반자동행가 로라셋트(양댐퍼) N80 [도어폭900이상],"행거레일댐퍼형(30kg,50kg,80kg) 양댐퍼 N80",P0000CBW,P0000CBW000E,45.61
(1)800행가하부촉,◈행가레일(사륜) 아연가이드(하부촉),"행거레일댐퍼형(30kg,50kg,80kg) 엘가이드",P0000CBW,P0000CBW000F,36.36
(1)800헤라대,◈실리콘마감용 헤라 (대),실리콘 마감용 헤라 실리콘 마감용 헤라 (대),P0000BLC,P0000BLC000C,69.57
(1)800헤라소,◈실리콘마감용 헤라 (소),실리콘 마감용 헤라 실리콘 마감용 헤라 (소),P0000BLC,P0000BLC000A,69.57
(1)800헤라중,◈실리콘마감용 헤라 (중),실리콘 마감용 헤라 실리콘 마감용 헤라 (중),P0000BLC,P0000BLC000B,69.57
(1)800호스10,◈파워호스 ∮8.0 [10 미터],스텐 접시 양날피스 스텐 접시 양날피스 8 x 50,P0000BJE,P0000BJE000E,45.16
(1)800호스20,◈파워호스 ∮8.0 [20 미터],스텐 접시 양날피스 스텐 접시 양날피스 8 x 50,P0000BJE,P0000BJE000E,45.16
(1)800호스30,◈파워호스 ∮8.0 [30 미터],레드파인계단재 계단판 38 x 300 x 3600,P0000BFO,P0000BFO000C,46.15
(1)800호차30,◈오메가 호차(30mm),재단비 결제 24~30mm,P0000BNF,P0000BNF000D,53.33
(1)A100뉴송11317,◈뉴송 39*51*3600(1.3*1.7) 폼다루끼 [단],라치(낙엽송)21x95x3000데크재 라치 데크재 21 x 95 x 3600,P0000BVZ,P0000BVZ000C,52.31
(1)A100뉴송21727,◈뉴송 51*81*3600(1.7*2.7) 정재투바이,"소송 각재(KD)다루끼,투바이,나나부 (KD) 소송 나나부 20x30x3600 1단",P0000BGC,P0000BGC000E,55.74
(1)A100뉴송32727,◈뉴송 81*81*3600(2.7*2.7) 산승각,뉴송 각재 39x51x3600 1단(6개),P0000BGE,P0000BGE000A,52.38
