상품명,상품코드,옵션 스타일,옵션 추가금액,옵션 표시방식,옵션사용,옵션세트명,품목명,품목코드
골판지 종이 보양지 (40m/1롤),P0000CTS,,0,S,Y,,풀로베니아(플라스틱) 보양재 3T x 900 x 1800,P0000CTS000A
골판지 종이 보양지 (40m/1롤),P0000CTS,,0,S,Y,,종이 롤보양재 3T x 1100 x 40M,P0000CTS000B
실린더BPL-5001 WT (핀/화이트),P0000CTR,,0,S,Y,,BPL-5001 실버,P0000CTR000A
실린더BPL-5001 WT (핀/화이트),P0000CTR,,0,S,Y,,BPL-5001 화이트,P0000CTR000B
실린더BPL-5001 WT (핀/화이트),P0000CTR,,0,S,Y,,BPL-5001 블랙,P0000CTR000C
실린더BPL-5001 BK (핀/블랙),P0000CTQ,,0,S,Y,,BPL-5001 실버,P0000CTQ000A
실린더BPL-5001 BK (핀/블랙),P0000CTQ,,0,S,Y,,BPL-5001 화이트,P0000CTQ000B
실린더BPL-5001 BK (핀/블랙),P0000CTQ,,0,S,Y,,BPL-5001 블랙,P0000CTQ000C
실린더BPL-5000 WT (키/화이트) KEY,P0000CTP,,0,S,Y,,BPL-5000 실버,P0000CTP000A
실린더BPL-5000 WT (키/화이트) KEY,P0000CTP,,0,S,Y,,BPL-5000 화이트,P0000CTP000B
실린더BPL-5000 WT (키/화이트) KEY,P0000CTP,,0,S,Y,,BPL-5000 블랙,P0000CTP000C
실린더BPL-5000 BK (키/블랙) KEY,P0000CTO,,0,S,Y,,BPL-5000 실버,P0000CTO000A
실린더BPL-5000 BK (키/블랙) KEY,P0000CTO,,0,S,Y,,BPL-5000 화이트,P0000CTO000B
실린더BPL-5000 BK (키/블랙) KEY,P0000CTO,,0,S,Y,,BPL-5000 블랙,P0000CTO000C
월드폼월드 251건,P0000CTN,,0,S,Y,,월드폼 월드 251건,P0000CTN000B
월드폼티탄 B1 난연폼,P0000CTM,,0,S,Y,,월드폼 티탄 B1 난연폼,P0000CTM000B
월드폼월드폼 전용 크리너,P0000CTL,,0,S,Y,,월드폼 월드폼 전용 크리너,P0000CTL000B
월드폼좋은폼 (1회용/빨대형),P0000CTK,,0,S,Y,,월드폼 좋은폼 (1회용/빨대형),P0000CTK000B
[버킷]MDF 고밀도1220 x 2440mm,P0000CSY,,0,S,Y,,6T 고밀도 MDF,P0000CSY000A
[버킷]MDF 고밀도1220 x 2440mm,P0000CSY,,0,S,Y,,9T 고밀도 MDF,P0000CSY000B
[버킷]MDF 고밀도1220 x 2440mm,P0000CSY,,0,S,Y,,12T 고밀도 MDF,P0000CSY000C
[버킷]MDF 고밀도1220 x 2440mm,P0000CSY,,0,S,Y,,15T 고밀도 MDF,P0000CSY000D
[버킷]MDF 고밀도1220 x 2440mm,P0000CSY,,0,S,Y,,18T 고밀도 MDF,P0000CSY000E
월드폼스프레이폼 건타입,P0000CSB,,0,S,Y,,월드폼 스프레이폼 건타입,P0000CSB000B
월드폼스피드폼 건타입,P0000CSA,,0,S,Y,,월드폼 스피드폼 건타입,P0000CSA000B
월드폼좋은폼 건타입,P0000CRZ,,0,S,Y,,월드폼 좋은폼 건타입,P0000CRZ000B
월드폼폼본드(난연/B2) 건타입,P0000CRY,,0,S,Y,,월드폼 폼본드(난연/B2) 건타입,P0000CRY000E
프리미엄 단열재 PF보드LX지인,P0000CHJ,,18150,S,Y,,30T x 1000 x 1800,P0000CHJ000A
프리미엄 단열재 PF보드LX지인,P0000CHJ,,26400,S,Y,,50T x 1000 x 1800,P0000CHJ000B
프리미엄 단열재 PF보드LX지인,P0000CHJ,,47300,S,Y,,90T x 1000 x 1800,P0000CHJ000C
단열재 GCS보드,P0000CHH,,0,S,Y,,13T x 900 x 2400,P0000CHH000A
단열재 GCS보드,P0000CHH,,0,S,Y,,21T x 900 x 2400,P0000CHH000B
단열재 GCS보드,P0000CHH,,0,S,Y,,31T x 900 x 2400,P0000CHH000C
차음시트 2T1000 x 1000단면점착,P0000CHD,,0,S,Y,,차음시트 2T 1000 x 1000,P0000CHD000A
차음시트 2T1000 x 1000단면점착,P0000CHD,,0,S,Y,,차음시트 3T 1000 x 1000,P0000CHD000B
차음시트 2T1000 x 1000단면점착,P0000CHD,,0,S,Y,,차음시트 4T 1000 x 1000,P0000CHD000C
텐텐지 백색1800x길이 85M,P0000CHC,,0,S,Y,,1800x길이 85M 백색,P0000CHC000C
YDH-017W 화이트도어 핸들영림,P0000CEZ,,0,S,Y,,YDH-017W - 화이트,P0000CEZ000A
YDH-017W 화이트도어 핸들영림,P0000CEZ,,0,S,Y,,YDH-017B - 블랙,P0000CEZ000B
YDH-017W 화이트도어 핸들영림,P0000CEZ,,0,S,Y,,YDH-017S - 실버,P0000CEZ000C
YDH-017W 화이트도어 핸들영림,P0000CEZ,,0,S,Y,,YDH-017DG - 다크그레이,P0000CEZ000D
YDH-017BK 블랙도어 핸들영림,P0000CEY,,0,S,Y,,YDH-017W - 화이트,P0000CEY000A
YDH-017BK 블랙도어 핸들영림,P0000CEY,,0,S,Y,,YDH-017B - 블랙,P0000CEY000B
YDH-017BK 블랙도어 핸들영림,P0000CEY,,0,S,Y,,YDH-017S - 실버,P0000CEY000C
YDH-017BK 블랙도어 핸들영림,P0000CEY,,0,S,Y,,YDH-017DG - 다크그레이,P0000CEY000D
YDH-017S 실버도어 핸들영림,P0000CEX,,0,S,Y,,YDH-017W - 화이트,P0000CEX000A
YDH-017S 실버도어 핸들영림,P0000CEX,,0,S,Y,,YDH-017B - 블랙,P0000CEX000B
YDH-017S 실버도어 핸들영림,P0000CEX,,0,S,Y,,YDH-017S - 실버,P0000CEX000C
YDH-017S 실버도어 핸들영림,P0000CEX,,0,S,Y,,YDH-017DG - 다크그레이,P0000CEX000D
YDH-017DG 다크그레이도어 핸들영림,P0000CEW,,0,S,Y,,YDH-017W - 화이트,P0000CEW000A
YDH-017DG 다크그레이도어 핸들영림,P0000CEW,,0,S,Y,,YDH-017B - 블랙,P0000CEW000B
YDH-017DG 다크그레이도어 핸들영림,P0000CEW,,0,S,Y,,YDH-017S - 실버,P0000CEW000C
YDH-017DG 다크그레이도어 핸들영림,P0000CEW,,0,S,Y,,YDH-017DG - 다크그레이,P0000CEW000D
YDH-030S 실버도어 핸들영림,P0000CEV,,0,S,Y,,YDH-030 - 실버,P0000CEV000A
YDH-030S 실버도어 핸들영림,P0000CEV,,0,S,Y,,YDH-030 - 다크그레이,P0000CEV000B
YDH-030S 실버도어 핸들영림,P0000CEV,,0,S,Y,,YDH-030 - 블랙,P0000CEV000C
YDH-030DG 다크그레이도어 핸들영림,P0000CEU,,0,S,Y,,YDH-030 - 실버,P0000CEU000A
YDH-030DG 다크그레이도어 핸들영림,P0000CEU,,0,S,Y,,YDH-030 - 다크그레이,P0000CEU000B
YDH-030DG 다크그레이도어 핸들영림,P0000CEU,,0,S,Y,,YDH-030 - 블랙,P0000CEU000C
YDH-030B 블랙도어 핸들영림,P0000CET,,0,S,Y,,YDH-030 - 실버,P0000CET000A
YDH-030B 블랙도어 핸들영림,P0000CET,,0,S,Y,,YDH-030 - 다크그레이,P0000CET000B
YDH-030B 블랙도어 핸들영림,P0000CET,,0,S,Y,,YDH-030 - 블랙,P0000CET000C
YDHS-034S-M고급형 모티스락영림,P0000CEK,,0,S,Y,,YDH-005 - 일반핸들,P0000CEK000A
YDHS-034S-M고급형 모티스락영림,P0000CEK,,0,S,Y,,YDH-005 - 모티스락,P0000CEK000B
YDH-005-T고급형 핸들영림,P0000CEH,,0,S,Y,,YDH-005 - 일반핸들,P0000CEH000A
YDH-005-T고급형 핸들영림,P0000CEH,,0,S,Y,,YDH-005 - 모티스락,P0000CEH000B
YDH-005-M고급형 모티스락영림,P0000CEI,,0,S,Y,,YDH-005 - 일반핸들,P0000CEI000A
YDH-005-M고급형 모티스락영림,P0000CEI,,0,S,Y,,YDH-005 - 모티스락,P0000CEI000B
YDH-009-T마그네틱 핸들영림,P0000CEF,,0,S,Y,,YDH-009 - 일반핸들,P0000CEF000A
YDH-009-T마그네틱 핸들영림,P0000CEF,,0,S,Y,,YDH-009 - 모티스락,P0000CEF000B
YDH-009-M마그네틱 모티스락영림,P0000CEG,,0,S,Y,,YDH-009 - 일반핸들,P0000CEG000A
YDH-009-M마그네틱 모티스락영림,P0000CEG,,0,S,Y,,YDH-009 - 모티스락,P0000CEG000B
isabella 이사벨라고급형 모티스락dnd,P0000CDI,,0,S,Y,,dnd - timeless 타임리스,P0000CDI000A
(IN)finito 인피니토고급형 모티스락dnd,P0000CDH,,0,S,Y,,dnd - timeless 타임리스,P0000CDH000A
leva 실버고급형 모티스락dnd,P0000CDG,,0,S,Y,,dnd - timeless 타임리스,P0000CDG000A
인조대리석하부평판/도어씰주문제작상품,P0000CCW,,0,S,Y,,40*80*900 일반형/물턱없음(ㄱ자형),P0000CCW000A
인조대리석하부평판/도어씰주문제작상품,P0000CCW,,0,S,Y,,52*80*900 일반형/물막이턱형(ㄱ자형),P0000CCW000B
인조대리석하부평판/도어씰주문제작상품,P0000CCW,,0,S,Y,,----------,P0000CCW000C
인조대리석하부평판/도어씰주문제작상품,P0000CCW,,0,S,Y,,60*1800 하부평판(ㅡ자형),P0000CCW000D
인조대리석하부평판/도어씰주문제작상품,P0000CCW,,0,S,Y,,80*1800 하부평판(ㅡ자형),P0000CCW000E
인조대리석하부평판/도어씰주문제작상품,P0000CCW,,0,S,Y,,110*1800 하부평판(ㅡ자형),P0000CCW000F
인조대리석하부평판/도어씰주문제작상품,P0000CCW,,0,S,Y,,140*1800 하부평판(ㅡ자형),P0000CCW000G
인조대리석하부평판/도어씰주문제작상품,P0000CCW,,0,S,Y,,170*1800 하부평판(ㅡ자형),P0000CCW000H
인조대리석하부평판/도어씰주문제작상품,P0000CCW,,0,S,Y,,200*1800 하부평판(ㅡ자형),P0000CCW000I
인조대리석하부평판/도어씰주문제작상품,P0000CCW,,0,S,Y,,230*1800 하부평판(ㅡ자형),P0000CCW000J
GS건설자이 천연 방수석고보드,P0000CCM,,0,S,Y,,9.5T x 900 x 1800 (936),P0000CCM000A
GS건설자이 천연 방수석고보드,P0000CCM,,0,S,Y,,9.5T x 900 x 2400 (938),P0000CCM000B
GS건설자이 천연 방수석고보드,P0000CCM,,0,S,Y,,12.5T x 900 x 1800 (1236),P0000CCM000C
GS건설자이 천연 방수석고보드,P0000CCM,,0,S,Y,,번들단가,P0000CCM000D
GS건설자이 천연 일반석고보드,P0000CCL,,3000,S,Y,,9.5T x 900 x 1800 (936),P0000CCL000A
GS건설자이 천연 일반석고보드,P0000CCL,,0,S,Y,,9.5T x 900 x 1800 (936) 1번들 : 120매,P0000CCL000B
GS건설자이 천연 일반석고보드,P0000CCL,,4000,S,Y,,9.5T x 900 x 2400 (938),P0000CCL000C
GS건설자이 천연 일반석고보드,P0000CCL,,5000,S,Y,,12.5T x 900 x 1800 (1236),P0000CCL000D
GS건설자이 천연 일반석고보드,P0000CCL,,0,S,Y,,번들단가,P0000CCL000E
"LVL 합판각재합판다루끼한치각,투바이",P0000CCD,,0,S,Y,,LVL 합판 다루끼 30x30x3600 1단,P0000CCD000A
"LVL 합판각재합판다루끼한치각,투바이",P0000CCD,,0,S,Y,,LVL 합판 투바이 30x69x3600 1단,P0000CCD000B
목망 꽃바둑살600X1860X8X15T,P0000CBZ,,0,S,Y,,600x1860x8x15T,P0000CBZ000A
목망 꽃바둑살600X1860X8X15T,P0000CBZ,,0,S,Y,,목망테두리,P0000CBZ000B
PVC 점검구,P0000CBX,,0,S,Y,,PVC 점검구 300 x 300,P0000CBX000A
PVC 점검구,P0000CBX,,0,S,Y,,PVC 점검구 400 x 400,P0000CBX000B
PVC 점검구,P0000CBX,,0,S,Y,,PVC 점검구 450 x 450,P0000CBX000C
PVC 점검구,P0000CBX,,0,S,Y,,PVC 점검구 350x450 (렉스판용),P0000CBX000D
"행거레일댐퍼형(30kg,50kg,80kg)",P0000CBW,,0,S,Y,,슬라이딩 레일 실버 2m,P0000CBW000A
"행거레일댐퍼형(30kg,50kg,80kg)",P0000CBW,,0,S,Y,,슬라이딩 레일 실버 3m,P0000CBW000B
"행거레일댐퍼형(30kg,50kg,80kg)",P0000CBW,,0,S,Y,,양댐퍼 N30,P0000CBW000C
"행거레일댐퍼형(30kg,50kg,80kg)",P0000CBW,,0,S,Y,,양댐퍼 N50,P0000CBW000D
"행거레일댐퍼형(30kg,50kg,80kg)",P0000CBW,,0,S,Y,,양댐퍼 N80,P0000CBW000E
"행거레일댐퍼형(30kg,50kg,80kg)",P0000CBW,,0,S,Y,,엘가이드,P0000CBW000F
15T 직각 소형 템바루바(6EA/BOX)2400x106x15T클릭형,P0000CBP,,0,S,Y,,영림40 109 116 161 167  168 73 74,P0000CBP000A
15T 직각 소형 템바루바(6EA/BOX)2400x106x15T클릭형,P0000CBP,,0,S,Y,,PS035 047 050 122,P0000CBP000B
15T 직각 소형 템바루바(6EA/BOX)2400x106x15T클릭형,P0000CBP,,0,S,Y,,기타색 20000원 추가(VAT별도),P0000CBP000C
15T 직각 소형 템바루바(6EA/BOX)2400x106x15T클릭형,P0000CBP,,0,S,Y,,----------,P0000CBP000D
15T 직각 소형 템바루바(6EA/BOX)2400x106x15T클릭형,P0000CBP,,0,S,Y,,상하부마감몰딩,P0000CBP000E
15T 직각 소형 템바루바(6EA/BOX)2400x106x15T클릭형,P0000CBP,,0,S,Y,,스타트몰딩,P0000CBP000F
15T 직각 소형 템바루바(6EA/BOX)2400x106x15T클릭형,P0000CBP,,0,S,Y,,엔드몰딩,P0000CBP000G
18T 직각 대형 템바루바(5EA/BOX)2400x126x18T클릭형,P0000CBQ,,0,S,Y,,영림40 109 116 161 167  168 73 74,P0000CBQ000A
18T 직각 대형 템바루바(5EA/BOX)2400x126x18T클릭형,P0000CBQ,,0,S,Y,,PS035 047 050 122,P0000CBQ000B
18T 직각 대형 템바루바(5EA/BOX)2400x126x18T클릭형,P0000CBQ,,0,S,Y,,기타색 20000원 추가(VAT별도),P0000CBQ000C
18T 직각 대형 템바루바(5EA/BOX)2400x126x18T클릭형,P0000CBQ,,0,S,Y,,----------,P0000CBQ000D
18T 직각 대형 템바루바(5EA/BOX)2400x126x18T클릭형,P0000CBQ,,0,S,Y,,상하부마감몰딩,P0000CBQ000E
18T 직각 대형 템바루바(5EA/BOX)2400x126x18T클릭형,P0000CBQ,,0,S,Y,,스타트몰딩,P0000CBQ000F
18T 직각 대형 템바루바(5EA/BOX)2400x126x18T클릭형,P0000CBQ,,0,S,Y,,엔드몰딩,P0000CBQ000G
12T 직각 소형 템바루바(6EA/BOX)2400x106x12T일반형,P0000CBO,,0,S,Y,,영림40 109 116 161 167  168 73 74,P0000CBO000A
12T 직각 소형 템바루바(6EA/BOX)2400x106x12T일반형,P0000CBO,,0,S,Y,,PS035 047 050 122,P0000CBO000B
12T 직각 소형 템바루바(6EA/BOX)2400x106x12T일반형,P0000CBO,,0,S,Y,,기타색 20000원 추가(VAT별도),P0000CBO000C
12T 직각 소형 템바루바(6EA/BOX)2400x106x12T일반형,P0000CBO,,0,S,Y,,----------,P0000CBO000D
12T 직각 소형 템바루바(6EA/BOX)2400x106x12T일반형,P0000CBO,,0,S,Y,,상하부마감몰딩,P0000CBO000E
12T 직각 소형 템바루바(6EA/BOX)2400x106x12T일반형,P0000CBO,,0,S,Y,,스타트몰딩,P0000CBO000F
12T 직각 소형 템바루바(6EA/BOX)2400x106x12T일반형,P0000CBO,,0,S,Y,,엔드몰딩,P0000CBO000G
12T 직각 대형 템바루바(5EA/BOX)2400x126x12T일반형,P0000CBN,,0,S,Y,,영림40 109 116 161 167  168 73 74,P0000CBN000A
12T 직각 대형 템바루바(5EA/BOX)2400x126x12T일반형,P0000CBN,,0,S,Y,,PS035 047 050 122,P0000CBN000B
12T 직각 대형 템바루바(5EA/BOX)2400x126x12T일반형,P0000CBN,,0,S,Y,,기타색 20000원 추가(VAT별도),P0000CBN000C
12T 직각 대형 템바루바(5EA/BOX)2400x126x12T일반형,P0000CBN,,0,S,Y,,----------,P0000CBN000D
12T 직각 대형 템바루바(5EA/BOX)2400x126x12T일반형,P0000CBN,,0,S,Y,,상하부마감몰딩,P0000CBN000E
12T 직각 대형 템바루바(5EA/BOX)2400x126x12T일반형,P0000CBN,,0,S,Y,,스타트몰딩,P0000CBN000F
12T 직각 대형 템바루바(5EA/BOX)2400x126x12T일반형,P0000CBN,,0,S,Y,,엔드몰딩,P0000CBN000G
목모보드(4면면취/내추럴)두께별 x 600 x 2400KS인증제품,P0000CBD,,0,S,Y,,일반 15T x 600 x 2400,P0000CBD000A
목모보드(4면면취/내추럴)두께별 x 600 x 2400KS인증제품,P0000CBD,,0,S,Y,,일반 20T x 600 x 2400,P0000CBD000B
목모보드(4면면취/내추럴)두께별 x 600 x 2400KS인증제품,P0000CBD,,0,S,Y,,일반 25T x 600 x 2400,P0000CBD000C
목모보드(4면면취/내추럴)두께별 x 600 x 2400KS인증제품,P0000CBD,,0,S,Y,,방염 15T x 600 x 2400,P0000CBD000D
목모보드(4면면취/내추럴)두께별 x 600 x 2400KS인증제품,P0000CBD,,0,S,Y,,방염 20T x 600 x 2400,P0000CBD000E
목모보드(4면면취/내추럴)두께별 x 600 x 2400KS인증제품,P0000CBD,,0,S,Y,,방염 25T x 600 x 2400,P0000CBD000F
목모보드(4면면취/내추럴)두께별 x 600 x 2400KS인증제품,P0000CBD,,0,S,Y,,준불연 15T x 600 x 2400,P0000CBD000G
목모보드(4면면취/내추럴)두께별 x 600 x 2400KS인증제품,P0000CBD,,0,S,Y,,준불연 20T x 600 x 2400,P0000CBD000H
목모보드(4면면취/내추럴)두께별 x 600 x 2400KS인증제품,P0000CBD,,0,S,Y,,준불연 25T x 600 x 2400,P0000CBD000I
목모보드(4면면취/내추럴)두께별 x 600 x 2400KS인증제품,P0000CBD,,0,S,Y,,배송비,P0000CBD000J
"벽산 석고텍스9.5T x 300 x 600, 18매/1Box(1평)",P0000CBB,,0,S,Y,,석고텍스 9.5T x 300 x 600 18매/1Box(1평),P0000CBB000D
투습방수지 타이벡 50m,P0000CAU,,0,S,Y,,듀폰 타이벡 1.5 x 50m,P0000CAU000A
투습방수지 타이벡 50m,P0000CAU,,0,S,Y,,듀폰 타이벡 2.8 x 50m,P0000CAU000B
투습방수지 타이벡 50m,P0000CAU,,0,S,Y,,국산 타이랩 1.5 x 50m,P0000CAU000C
투습방수지 타이벡 50m,P0000CAU,,0,S,Y,,국산 타이랩 2.8 x 50m,P0000CAU000D
일반합판 3*6910x1820mm,P0000CAT,,0,S,Y,,2.7T x 910 x 1820 동남아산,P0000CAT000A
일반합판 3*6910x1820mm,P0000CAT,,0,S,Y,,4.6T x 910 x 1820 동남아산,P0000CAT000B
일반합판 3*6910x1820mm,P0000CAT,,0,S,Y,,8.5T x 910 x 1820 동남아산 (알비자),P0000CAT000C
일반합판 3*6910x1820mm,P0000CAT,,0,S,Y,,8.5T x 910 x 1820 동남아산 (일반),P0000CAT000D
일반합판 3*6910x1820mm,P0000CAT,,0,S,Y,,11.5T x 910 x 1820 동남아산 (고급),P0000CAT000E
일반합판 3*6910x1820mm,P0000CAT,,0,S,Y,,11.5T x 910 x 1820 베트남산 (MLH),P0000CAT000F
렉스판리빙보드,P0000CAS,,0,S,Y,,렉스판 유광백색 (300x9x2400) 8자,P0000CAS000A
렉스판리빙보드,P0000CAS,,0,S,Y,,렉스판 유광백색 (300x9x3000) 10자,P0000CAS000B
렉스판리빙보드,P0000CAS,,0,S,Y,,렉스판 유광백색 (300x9x3600) 12자,P0000CAS000C
마또아19x90x2400데크재,P0000CAO,,0,S,Y,,마또아 19 x 90 x 1800,P0000CAO000A
마또아19x90x2400데크재,P0000CAO,,0,S,Y,,마또아 19 x 90 x 2100,P0000CAO000B
마또아19x90x2400데크재,P0000CAO,,0,S,Y,,마또아 19 x 90 x 2400,P0000CAO000C
마또아19x90x2400데크재,P0000CAO,,0,S,Y,,마또아 19 x 90 x 2700,P0000CAO000D
마또아19x90x2400데크재,P0000CAO,,0,S,Y,,마또아 19 x 90 x 3000,P0000CAO000E
마또아19x90x2400데크재,P0000CAO,,0,S,Y,,마또아 19 x 90 x 3300,P0000CAO000F
마또아19x90x2400데크재,P0000CAO,,0,S,Y,,마또아 19 x 90 x 3600,P0000CAO000G
마또아19x90x2400데크재,P0000CAO,,0,S,Y,,마또아 19 x 90 x 3900,P0000CAO000H
우주키즈도어 YK-020,P0000CAK,,0,S,Y,,견적문의,P0000CAK000A
도형놀이키즈도어 YK-016,P0000CAJ,,0,S,Y,,견적문의,P0000CAJ000A
루미키즈도어 YK-017,P0000CAI,,0,S,Y,,견적문의,P0000CAI000A
NBR코팅 장갑,P0000CAH,,0,S,Y,,기능성장갑 (소),P0000CAH000A
NBR코팅 장갑,P0000CAH,,0,S,Y,,기능성장갑 (중),P0000CAH000B
NBR코팅 장갑,P0000CAH,,0,S,Y,,기능성장갑 (대),P0000CAH000C
영림더도어 TA-100,P0000CAB,,0,S,Y,,견적문의,P0000CAB000A
영림더도어 TA-18,P0000CAA,,0,S,Y,,견적문의,P0000CAA000A
영림더도어 TA-17,P0000BZZ,,0,S,Y,,견적문의,P0000BZZ000A
영림더도어 TA-16,P0000BZY,,0,S,Y,,견적문의,P0000BZY000A
영림더도어 TA-15,P0000BZX,,0,S,Y,,견적문의,P0000BZX000A
영림더도어 TA-14,P0000BZW,,0,S,Y,,견적문의,P0000BZW000A
영림더도어 TA-13,P0000BZV,,0,S,Y,,견적문의,P0000BZV000A
영림더도어 TA-12,P0000BZU,,0,S,Y,,견적문의,P0000BZU000A
영림더도어 TA-11,P0000BZT,,0,S,Y,,견적문의,P0000BZT000A
영림더도어 TA-10,P0000BZS,,0,S,Y,,견적문의,P0000BZS000A
영림더도어 TA-09,P0000BZR,,0,S,Y,,견적문의,P0000BZR000A
영림더도어 TA-08,P0000BZQ,,0,S,Y,,견적문의,P0000BZQ000A
영림더도어 TA-07,P0000BZP,,0,S,Y,,견적문의,P0000BZP000A
영림더도어 TA-06,P0000BZO,,0,S,Y,,견적문의,P0000BZO000A
영림더도어 TA-05,P0000BZN,,0,S,Y,,견적문의,P0000BZN000A
영림더도어 TA-04,P0000BZM,,0,S,Y,,견적문의,P0000BZM000A
영림더도어 TA-03,P0000BZL,,0,S,Y,,견적문의,P0000BZL000A
영림더도어 TA-02,P0000BZK,,0,S,Y,,견적문의,P0000BZK000A
영림더도어 TA-01,P0000BZJ,,0,S,Y,,견적문의,P0000BZJ000A
"일반경첩실버,골드,블랙",P0000BZG,,0,S,Y,,일반경첩 - 실버,P0000BZG000A
"일반경첩실버,골드,블랙",P0000BZG,,0,S,Y,,일반경첩 - 골드,P0000BZG000B
"일반경첩실버,골드,블랙",P0000BZG,,0,S,Y,,일반경첩 - 블랙,P0000BZG000C
실린더BPL-6401 GR (핀/실버),P0000BZF,,0,S,Y,,BPL-6401 실버,P0000BZF000A
실린더BPL-1701 GR (핀/실버),P0000BZE,,0,S,Y,,BPL-1701 실버,P0000BZE000A
실린더BPL-1701 GR (핀/실버),P0000BZE,,0,S,Y,,BPL-1701 화이트,P0000BZE000B
실린더BPL-1701 GR (핀/실버),P0000BZE,,0,S,Y,,BPL-1701 블랙,P0000BZE000C
실린더BPL-5101 GR (핀/실버),P0000BZD,,0,S,Y,,BPL-5101 실버,P0000BZD000A
실린더BPL-5101 GR (핀/실버),P0000BZD,,0,S,Y,,BPL-5000 화이트,P0000BZD000B
실린더BPL-5101 GR (핀/실버),P0000BZD,,0,S,Y,,BPL-5000 블랙,P0000BZD000C
실린더BPL-5100 GR (키/실버) KEY,P0000BZC,,0,S,Y,,BPL-5100 실버,P0000BZC000A
실린더BPL-5100 GR (키/실버) KEY,P0000BZC,,0,S,Y,,BPL-5100 화이트,P0000BZC000B
실린더BPL-5100 GR (키/실버) KEY,P0000BZC,,0,S,Y,,BPL-5100 블랙,P0000BZC000C
실린더BPL-5001 GR (핀/실버),P0000BZB,,0,S,Y,,BPL-5001 실버,P0000BZB000A
실린더BPL-5001 GR (핀/실버),P0000BZB,,0,S,Y,,BPL-5001 화이트,P0000BZB000B
실린더BPL-5001 GR (핀/실버),P0000BZB,,0,S,Y,,BPL-5001 블랙,P0000BZB000C
실린더BPL-5000 GR (키/실버) KEY,P0000BZA,,0,S,Y,,BPL-5000 실버,P0000BZA000A
실린더BPL-5000 GR (키/실버) KEY,P0000BZA,,0,S,Y,,BPL-5000 화이트,P0000BZA000B
실린더BPL-5000 GR (키/실버) KEY,P0000BZA,,0,S,Y,,BPL-5000 블랙,P0000BZA000C
히노끼루바(유절) 10T8매/단,P0000BYR,,0,S,Y,,히노끼 루바 (유절/8자),P0000BYR000A
히노끼루바(유절) 10T8매/단,P0000BYR,,0,S,Y,,히노끼 루바 (유절/12자),P0000BYR000B
히노끼루바(유절) 10T8매/단,P0000BYR,,0,S,Y,,히노끼 루바 마감재,P0000BYR000C
히노끼루바(유절) 10T8매/단,P0000BYR,,0,S,Y,,히노끼 평몰딩,P0000BYR000D
히노끼루바(유절) 10T8매/단,P0000BYR,,0,S,Y,,번들단가,P0000BYR000E
레드오크 집성판솔리드,P0000BYL,,0,S,Y,,20T x 1000 x 1800,P0000BYL000A
레드오크 집성판솔리드,P0000BYL,,0,S,Y,,20T x 1000 x 2100,P0000BYL000B
레드오크 집성판솔리드,P0000BYL,,0,S,Y,,20T x 1000 x 2400,P0000BYL000C
레드오크 집성판솔리드,P0000BYL,,0,S,Y,,26T x 1000 x 1800,P0000BYL000D
레드오크 집성판솔리드,P0000BYL,,0,S,Y,,26T x 1000 x 2100,P0000BYL000E
레드오크 집성판솔리드,P0000BYL,,0,S,Y,,26T x 1000 x 2400,P0000BYL000F
믹스 애쉬 집성판사이드핑거,P0000BYH,,0,S,Y,,18T x 1220 x 2440,P0000BYH000A
믹스 애쉬 집성판사이드핑거,P0000BYH,,0,S,Y,,24T x 1220 x 2440,P0000BYH000B
믹스 애쉬 집성판사이드핑거,P0000BYH,,0,S,Y,,18T x 915 x 2300,P0000BYH000C
믹스 애쉬 집성판사이드핑거,P0000BYH,,0,S,Y,,기타규격,P0000BYH000D
대나무 집성판1220 x 2200mm,P0000BYF,,0,S,Y,,대나무 집성목 12T 1220*2200,P0000BYF000A
대나무 집성판1220 x 2200mm,P0000BYF,,0,S,Y,,대나무 집성목 15T 1220*2200,P0000BYF000B
대나무 집성판1220 x 2200mm,P0000BYF,,0,S,Y,,대나무 집성목 18T 1220*2200,P0000BYF000C
레드발라우19x90x2400데크재,P0000BYD,,0,S,Y,,19 x 90 x 2400,P0000BYD000A
레드발라우19x90x2400데크재,P0000BYD,,0,S,Y,,기타규격,P0000BYD000B
카플19x90x2400데크재,P0000BYC,,0,S,Y,,카플 19 x 90 x 1800,P0000BYC000A
카플19x90x2400데크재,P0000BYC,,0,S,Y,,카플 19 x 90 x 2100,P0000BYC000B
카플19x90x2400데크재,P0000BYC,,0,S,Y,,카플 19 x 90 x 2400,P0000BYC000C
카플19x90x2400데크재,P0000BYC,,0,S,Y,,카플 19 x 90 x 2700,P0000BYC000D
카플19x90x2400데크재,P0000BYC,,0,S,Y,,카플 19 x 90 x 3000,P0000BYC000E
카플19x90x2400데크재,P0000BYC,,0,S,Y,,카플 19 x 90 x 3300,P0000BYC000F
카플19x90x2400데크재,P0000BYC,,0,S,Y,,카플 19 x 90 x 3600,P0000BYC000G
카플19x90x2400데크재,P0000BYC,,0,S,Y,,카플 19 x 90 x 3900,P0000BYC000H
이페19x90x2400데크재,P0000BYB,,0,S,Y,,19 x 90 x 2400,P0000BYB000A
이페19x90x2400데크재,P0000BYB,,0,S,Y,,기타규격,P0000BYB000B
큐링19x90x2400데크재,P0000BYA,,0,S,Y,,큐링 19 x 90 x 1800,P0000BYA000A
큐링19x90x2400데크재,P0000BYA,,0,S,Y,,큐링 19 x 90 x 2100,P0000BYA000B
큐링19x90x2400데크재,P0000BYA,,0,S,Y,,큐링 19 x 90 x 2400,P0000BYA000C
큐링19x90x2400데크재,P0000BYA,,0,S,Y,,큐링 19 x 90 x 2700,P0000BYA000D
큐링19x90x2400데크재,P0000BYA,,0,S,Y,,큐링 19 x 90 x 3000,P0000BYA000E
큐링19x90x2400데크재,P0000BYA,,0,S,Y,,큐링 19 x 90 x 3300,P0000BYA000F
큐링19x90x2400데크재,P0000BYA,,0,S,Y,,큐링 19 x 90 x 3600,P0000BYA000G
큐링19x90x2400데크재,P0000BYA,,0,S,Y,,큐링 19 x 90 x 3900,P0000BYA000H
부켈라19x90x2400데크재,P0000BXZ,,0,S,Y,,19 x 90 x 2400,P0000BXZ000A
부켈라19x90x2400데크재,P0000BXZ,,0,S,Y,,기타규격,P0000BXZ000B
모말라19x90x2400데크재,P0000BXY,,0,S,Y,,19 x 90 x 2400,P0000BXY000A
모말라19x90x2400데크재,P0000BXY,,0,S,Y,,기타규격,P0000BXY000B
게루투19x90x2400데크재,P0000BXX,,0,S,Y,,19 x 90 x 2400,P0000BXX000A
게루투19x90x2400데크재,P0000BXX,,0,S,Y,,기타규격,P0000BXX000B
토렘19x90x2400데크재,P0000BXW,,0,S,Y,,19 x 90 x 2400,P0000BXW000A
토렘19x90x2400데크재,P0000BXW,,0,S,Y,,기타규격,P0000BXW000B
니아또바투19x90x2400데크재,P0000BXV,,0,S,Y,,19 x 90 x 2400,P0000BXV000A
니아또바투19x90x2400데크재,P0000BXV,,0,S,Y,,기타규격,P0000BXV000B
꾸란지19x90x2400데크재,P0000BXU,,0,S,Y,,19 x 90 x 2400,P0000BXU000A
꾸란지19x90x2400데크재,P0000BXU,,0,S,Y,,기타규격,P0000BXU000B
캠파스19x90x2400데크재,P0000BXT,,0,S,Y,,캠파스 19 x 90 x 1800,P0000BXT000A
캠파스19x90x2400데크재,P0000BXT,,0,S,Y,,캠파스 19 x 90 x 2100,P0000BXT000B
캠파스19x90x2400데크재,P0000BXT,,0,S,Y,,캠파스 19 x 90 x 2400,P0000BXT000C
캠파스19x90x2400데크재,P0000BXT,,0,S,Y,,캠파스 19 x 90 x 2700,P0000BXT000D
캠파스19x90x2400데크재,P0000BXT,,0,S,Y,,캠파스 19 x 90 x 3000,P0000BXT000E
캠파스19x90x2400데크재,P0000BXT,,0,S,Y,,캠파스 19 x 90 x 3300,P0000BXT000F
캠파스19x90x2400데크재,P0000BXT,,0,S,Y,,캠파스 19 x 90 x 3600,P0000BXT000G
캠파스19x90x2400데크재,P0000BXT,,0,S,Y,,캠파스 19 x 90 x 3900,P0000BXT000H
꾸메아21x90x2400데크재,P0000BXR,,0,S,Y,,19 x 90 x 2400,P0000BXR000A
꾸메아21x90x2400데크재,P0000BXR,,0,S,Y,,기타규격,P0000BXR000B
마니카라19x90x2400데크재,P0000BXQ,,0,S,Y,,19 x 90 x 2400,P0000BXQ000A
마니카라19x90x2400데크재,P0000BXQ,,0,S,Y,,기타규격,P0000BXQ000B
미송(라디에타파인)60x70x3600핸드레일,P0000BXP,,0,S,Y,,60 x 70 x 3600,P0000BXP000A
멀바우 식빵형60x70x3600핸드레일,P0000BXO,,0,S,Y,,60 x 70 x 3600,P0000BXO000A
미송(라디에타파인)40x70x3600핸드레일,P0000BXN,,0,S,Y,,40 x 70 x 3600,P0000BXN000A
멀바우 반달형40x70x3600핸드레일,P0000BXM,,0,S,Y,,40 x 70 x 3600,P0000BXM000A
코팅 미송(라디에타파인)36x60x3600핸드레일,P0000BXL,,0,S,Y,,36 x 60 x 3600,P0000BXL000A
코팅 미송(라디에타파인/피누스)40x70x3600핸드레일,P0000BXK,,0,S,Y,,40 x 70 x 3600,P0000BXK000A
코팅 티크40x70x3600핸드레일,P0000BXJ,,0,S,Y,,30T x 300 x 3600,P0000BXJ000A
티크40x70x3600핸드레일,P0000BXI,,0,S,Y,,40 x 70 x 3600,P0000BXI000A
니아또바투40x70x3600핸드레일,P0000BXH,,0,S,Y,,30T x 300 x 3600,P0000BXH000A
체리36x60x3600핸드레일,P0000BXG,,0,S,Y,,36 x 60 x 3600,P0000BXG000A
오크 핸드레일40x70x3600 반달60x70x3600 식빵,P0000BXF,,0,S,Y,,40 x 70 x 3600,P0000BXF000A
오크 핸드레일40x70x3600 반달60x70x3600 식빵,P0000BXF,,0,S,Y,,60 x 70 x 3600,P0000BXF000B
운반비 결제,P0000BWV,,0,S,Y,,라보,P0000BWV000A
운반비 결제,P0000BWV,,0,S,Y,,1톤,P0000BWV000B
운반비 결제,P0000BWV,,0,S,Y,,1.4톤,P0000BWV000C
운반비 결제,P0000BWV,,0,S,Y,,3.5톤,P0000BWV000D
운반비 결제,P0000BWV,,0,S,Y,,5톤,P0000BWV000E
운반비 결제,P0000BWV,,5500,S,Y,,5천원 추가,P0000BWV000F
운반비 결제,P0000BWV,,11000,S,Y,,1만원 추가,P0000BWV000G
"OST단위타카핀(18,25,32,38,45,50,64)",P0000BWM,,0,S,Y,,18,P0000BWM000A
"OST단위타카핀(18,25,32,38,45,50,64)",P0000BWM,,0,S,Y,,25,P0000BWM000B
"OST단위타카핀(18,25,32,38,45,50,64)",P0000BWM,,0,S,Y,,32,P0000BWM000C
"OST단위타카핀(18,25,32,38,45,50,64)",P0000BWM,,0,S,Y,,38,P0000BWM000D
"OST단위타카핀(18,25,32,38,45,50,64)",P0000BWM,,0,S,Y,,45,P0000BWM000E
"OST단위타카핀(18,25,32,38,45,50,64)",P0000BWM,,0,S,Y,,50,P0000BWM000F
"OST단위타카핀(18,25,32,38,45,50,64)",P0000BWM,,0,S,Y,,64,P0000BWM000G
방염코팅목재선택상도/하도,P0000BWK,,0,S,Y,,자작 합판 4T (S/BB) UV 방염,P0000BWK000A
방염코팅목재선택상도/하도,P0000BWK,,0,S,Y,,자작 합판 6T (S/BB) UV 방염,P0000BWK000B
방염코팅목재선택상도/하도,P0000BWK,,0,S,Y,,자작 합판 9T (S/BB) UV 방염,P0000BWK000C
방염코팅목재선택상도/하도,P0000BWK,,0,S,Y,,자작 합판 12T (S/BB) UV 방염,P0000BWK000D
방염코팅목재선택상도/하도,P0000BWK,,0,S,Y,,자작 합판 15T (S/BB) UV 방염,P0000BWK000E
방염코팅목재선택상도/하도,P0000BWK,,0,S,Y,,자작 합판 18T (S/BB) UV 방염,P0000BWK000F
폴리코팅(포리코팅)목재선택컬러/광도 상담,P0000BWJ,,0,S,Y,,상담 후 최종견적 진행,P0000BWJ000A
UV코팅 자작합판상도/하도,P0000BWI,,0,S,Y,,자작 합판 4T (S/BB) UV하도,P0000BWI000A
UV코팅 자작합판상도/하도,P0000BWI,,0,S,Y,,자작 합판 6T (S/BB) UV하도,P0000BWI000B
UV코팅 자작합판상도/하도,P0000BWI,,0,S,Y,,자작 합판 9T (S/BB) UV하도,P0000BWI000C
UV코팅 자작합판상도/하도,P0000BWI,,0,S,Y,,자작 합판 12T (S/BB) UV하도,P0000BWI000D
UV코팅 자작합판상도/하도,P0000BWI,,0,S,Y,,자작 합판 15T (S/BB) UV하도,P0000BWI000E
UV코팅 자작합판상도/하도,P0000BWI,,0,S,Y,,자작 합판 18T (S/BB) UV하도,P0000BWI000F
UV코팅 자작합판상도/하도,P0000BWI,,0,S,Y,,----------,P0000BWI000G
UV코팅 자작합판상도/하도,P0000BWI,,0,S,Y,,자작 합판 4T (S/BB) UV상도,P0000BWI000H
UV코팅 자작합판상도/하도,P0000BWI,,0,S,Y,,자작 합판 6T (S/BB) UV상도,P0000BWI000I
UV코팅 자작합판상도/하도,P0000BWI,,0,S,Y,,자작 합판 9T (S/BB) UV상도,P0000BWI000J
UV코팅 자작합판상도/하도,P0000BWI,,0,S,Y,,자작 합판 12T (S/BB) UV상도,P0000BWI000K
UV코팅 자작합판상도/하도,P0000BWI,,0,S,Y,,자작 합판 15T (S/BB) UV상도,P0000BWI000L
UV코팅 자작합판상도/하도,P0000BWI,,0,S,Y,,자작 합판 18T (S/BB) UV상도,P0000BWI000M
라치(낙엽송)21x95x3000데크재,P0000BVZ,,0,S,Y,,라치 데크재 21 x 95 x 3000,P0000BVZ000A
라치(낙엽송)21x95x3000데크재,P0000BVZ,,0,S,Y,,라치 데크재 21 x 95 x 3300,P0000BVZ000B
라치(낙엽송)21x95x3000데크재,P0000BVZ,,0,S,Y,,라치 데크재 21 x 95 x 3600,P0000BVZ000C
라치(낙엽송)21x95x3000데크재,P0000BVZ,,0,S,Y,,라치 데크재 21 x 95 x 3900,P0000BVZ000D
라치(낙엽송)21x95x3000데크재,P0000BVZ,,0,S,Y,,라치 데크재 21 x 120 x 3000,P0000BVZ000E
라치(낙엽송)21x95x3000데크재,P0000BVZ,,0,S,Y,,라치 데크재 21 x 120 x 3300,P0000BVZ000F
라치(낙엽송)21x95x3000데크재,P0000BVZ,,0,S,Y,,라치 데크재 21 x 120 x 3600,P0000BVZ000G
라치(낙엽송)21x95x3000데크재,P0000BVZ,,0,S,Y,,라치 데크재 21 x 120 x 3900,P0000BVZ000H
몰탈 접착 증강제 G-3 본드 (15kg),P0000BVW,,0,S,Y,,원평 G3 본드 (15kg),P0000BVW000A
몰탈 접착 증강제 G-3 본드 (15kg),P0000BVW,,0,S,Y,,유승 G-3 몰타론 7000,P0000BVW000B
단열 보드 접착제 G-2 본드 (10kg),P0000BVV,,0,S,Y,,원평 G2 본드 (10kg),P0000BVV000A
단열 보드 접착제 G-2 본드 (10kg),P0000BVV,,0,S,Y,,유승 G2 본드 (10kg),P0000BVV000B
보드 합지 접착제 G-1 본드 (18L),P0000BVU,,0,S,Y,,원평 G1 본드 (18L),P0000BVU000A
보드 합지 접착제 G-1 본드 (18L),P0000BVU,,0,S,Y,,유승 G-503 본드,P0000BVU000B
"C타카핀타카핀(C50,C57,C64)",P0000BVS,,0,S,Y,,C50 (T50),P0000BVS000A
"C타카핀타카핀(C50,C57,C64)",P0000BVS,,0,S,Y,,C57 (T57),P0000BVS000B
"C타카핀타카핀(C50,C57,C64)",P0000BVS,,0,S,Y,,C64 (T64),P0000BVS000C
18T 환기형 걸레받이교실용/체육관용방염,P0000BVH,,0,S,Y,,방염환기형/교실용 18T x 100 x 2440,P0000BVH000A
18T 환기형 걸레받이교실용/체육관용방염,P0000BVH,,0,S,Y,,방염환기형/교실용 18T x 120 x 2440,P0000BVH000B
18T 환기형 걸레받이교실용/체육관용방염,P0000BVH,,0,S,Y,,방염환기형/교실용 18T x 150 x 2440,P0000BVH000C
18T 환기형 걸레받이교실용/체육관용방염,P0000BVH,,0,S,Y,,방염환기형/교실용 18T x 180 x 2440,P0000BVH000D
18T 환기형 걸레받이교실용/체육관용방염,P0000BVH,,0,S,Y,,방염환기형/체육관용 18T x 30 x 100 x 2440,P0000BVH000E
18T 환기형 걸레받이교실용/체육관용방염,P0000BVH,,0,S,Y,,방염환기형/체육관용 18T x 50 x 100 x 2440,P0000BVH000F
라인 타공판9T x 1184 x 2400방염,P0000BVG,,0,S,Y,,타공판/라인/자작,P0000BVG000A
라인 타공판9T x 1184 x 2400방염,P0000BVG,,0,S,Y,,타공판/라인/메이플,P0000BVG000B
라인 타공판9T x 1184 x 2400방염,P0000BVG,,0,S,Y,,타공판/라인/오크,P0000BVG000C
라인 타공판9T x 1184 x 2400방염,P0000BVG,,0,S,Y,,타공판/라인/백색,P0000BVG000D
라인 타공판9T x 1184 x 2400방염,P0000BVG,,0,S,Y,,타공판/라인/진회색,P0000BVG000E
라인 타공판9T x 1184 x 2400방염,P0000BVG,,0,S,Y,,타공판/라인/흑색,P0000BVG000F
라인 타공판9T x 1184 x 2400방염,P0000BVG,,0,S,Y,,타공판/라인/티크,P0000BVG000G
라인 타공판9T x 1184 x 2400방염,P0000BVG,,0,S,Y,,타공판/라인/앤틱파인,P0000BVG000H
라인 타공판9T x 1184 x 2400방염,P0000BVG,,0,S,Y,,타공판/라인/화이트오크,P0000BVG000I
"단타공흡음패널, 원형 타공판9T x 1200 x 2400방염",P0000BVF,,0,S,Y,,타공판/라인/자작,P0000BVF000A
"단타공흡음패널, 원형 타공판9T x 1200 x 2400방염",P0000BVF,,0,S,Y,,타공판/라인/메이플,P0000BVF000B
"단타공흡음패널, 원형 타공판9T x 1200 x 2400방염",P0000BVF,,0,S,Y,,타공판/라인/오크,P0000BVF000C
"단타공흡음패널, 원형 타공판9T x 1200 x 2400방염",P0000BVF,,0,S,Y,,타공판/원형/자작,P0000BVF000D
"단타공흡음패널, 원형 타공판9T x 1200 x 2400방염",P0000BVF,,0,S,Y,,타공판/원형/메이플,P0000BVF000E
"단타공흡음패널, 원형 타공판9T x 1200 x 2400방염",P0000BVF,,0,S,Y,,타공판/원형/오크,P0000BVF000F
"단타공흡음패널, 원형 타공판9T x 1200 x 2400방염",P0000BVF,,0,S,Y,,타공판/원형/화이트오크,P0000BVF000G
"단타공흡음패널, 원형 타공판9T x 1200 x 2400방염",P0000BVF,,0,S,Y,,타공판/원형/티크,P0000BVF000H
"단타공흡음패널, 원형 타공판9T x 1200 x 2400방염",P0000BVF,,0,S,Y,,타공판/원형/백색,P0000BVF000I
"단타공흡음패널, 원형 타공판9T x 1200 x 2400방염",P0000BVF,,0,S,Y,,타공판/원형/흑색,P0000BVF000J
"단타공흡음패널, 원형 타공판9T x 1200 x 2400방염",P0000BVF,,0,S,Y,,타공판/원형/앤틱파인,P0000BVF000K
방부 라티스 (15T),P0000BTH,,0,S,Y,,15T x 1200mm x 2400mm,P0000BTH000A
방부 라티스 (15T),P0000BTH,,0,S,Y,,방부라티스 U캡,P0000BTH000B
주춧돌(앙카블럭),P0000BTF,,0,S,Y,,주춧돌 4 x 4,P0000BTF000A
주춧돌(앙카블럭),P0000BTF,,0,S,Y,,주춧돌 5 x 5,P0000BTF000B
주춧돌(앙카블럭),P0000BTF,,0,S,Y,,주춧돌 6 x 6,P0000BTF000C
오동나무 집성판솔리드,P0000BTE,,0,S,Y,,12T x 1000 x 2000,P0000BTE000A
오동나무 집성판솔리드,P0000BTE,,0,S,Y,,15T x 1220 x 2200,P0000BTE000B
"합성목재(WPC)브라운,체리,그레이방부목 대체품",P0000BSR,,0,S,Y,,20T x 132 x 2400,P0000BSR000A
"합성목재(WPC)브라운,체리,그레이방부목 대체품",P0000BSR,,0,S,Y,,20T x 132 x 3000,P0000BSR000B
"합성목재(WPC)브라운,체리,그레이방부목 대체품",P0000BSR,,0,S,Y,,20T x 138 x 2400,P0000BSR000C
"합성목재(WPC)브라운,체리,그레이방부목 대체품",P0000BSR,,0,S,Y,,20T x 138 x 3000,P0000BSR000D
"합성목재(WPC)브라운,체리,그레이방부목 대체품",P0000BSR,,0,S,Y,,25T x 150 x 2400,P0000BSR000E
"합성목재(WPC)브라운,체리,그레이방부목 대체품",P0000BSR,,0,S,Y,,25T x 150 x 3000,P0000BSR000F
"합성목재(WPC)브라운,체리,그레이방부목 대체품",P0000BSR,,0,S,Y,,기타규격,P0000BSR000G
"합성목재(WPC)브라운,체리,그레이방부목 대체품",P0000BSR,,0,S,Y,,합성목재 미들클립,P0000BSR000H
"합성목재(WPC)브라운,체리,그레이방부목 대체품",P0000BSR,,0,S,Y,,합성목재 스타트클립,P0000BSR000I
"합성목재(WPC)브라운,체리,그레이방부목 대체품",P0000BSR,,0,S,Y,,합성목재 클립 전용피스,P0000BSR000J
"합성목재(WPC)브라운,체리,그레이방부목 대체품",P0000BSR,,0,S,Y,,합성목재용 도장 직결피스(DB),P0000BSR000K
"합성목재(WPC)브라운,체리,그레이방부목 대체품",P0000BSR,,0,S,Y,,아티론 (연결보조제),P0000BSR000L
"합성목재(WPC)브라운,체리,그레이방부목 대체품",P0000BSR,,0,S,Y,,합성목재 평몰딩,P0000BSR000M
"합성목재(WPC)브라운,체리,그레이방부목 대체품",P0000BSR,,0,S,Y,,합성목재 평몰딩2,P0000BSR000N
CRC보드하지용 미색,P0000BSU,,0,S,Y,,3.5T x 900 x 1800,P0000BSU000A
CRC보드하지용 미색,P0000BSU,,0,S,Y,,4.5T x 900 x 1800,P0000BSU000B
CRC보드하지용 미색,P0000BSU,,0,S,Y,,6T x 900 x 1800,P0000BSU000C
CRC보드하지용 미색,P0000BSU,,0,S,Y,,9T x 900 x 1800,P0000BSU000D
CRC보드하지용 미색,P0000BSU,,0,S,Y,,12T x 900 x 1800,P0000BSU000E
CRC보드하지용 미색,P0000BSU,,0,S,Y,,----------,P0000BSU000F
CRC보드하지용 미색,P0000BSU,,0,S,Y,,6T x 1220 x 2440,P0000BSU000G
CRC보드하지용 미색,P0000BSU,,0,S,Y,,9T x 1220 x 2440,P0000BSU000H
목모보드(4면면취/내추럴)두께별 x 600 x 600KS인증제품,P0000BQQ,,0,S,Y,,일반 15T x 600 x 600,P0000BQQ000A
목모보드(4면면취/내추럴)두께별 x 600 x 600KS인증제품,P0000BQQ,,0,S,Y,,일반 20T x 600 x 600,P0000BQQ000B
목모보드(4면면취/내추럴)두께별 x 600 x 600KS인증제품,P0000BQQ,,0,S,Y,,일반 25T x 600 x 600,P0000BQQ000C
목모보드(4면면취/내추럴)두께별 x 600 x 600KS인증제품,P0000BQQ,,0,S,Y,,방염 15T x 600 x 600,P0000BQQ000D
목모보드(4면면취/내추럴)두께별 x 600 x 600KS인증제품,P0000BQQ,,0,S,Y,,방염 20T x 600 x 600,P0000BQQ000E
목모보드(4면면취/내추럴)두께별 x 600 x 600KS인증제품,P0000BQQ,,0,S,Y,,방염 25T x 600 x 600,P0000BQQ000F
목모보드(4면면취/내추럴)두께별 x 600 x 600KS인증제품,P0000BQQ,,0,S,Y,,준불연 15T x 600 x 600,P0000BQQ000G
목모보드(4면면취/내추럴)두께별 x 600 x 600KS인증제품,P0000BQQ,,0,S,Y,,준불연 20T x 600 x 600,P0000BQQ000H
목모보드(4면면취/내추럴)두께별 x 600 x 600KS인증제품,P0000BQQ,,0,S,Y,,준불연 25T x 600 x 600,P0000BQQ000I
목모보드(4면면취/내추럴)두께별 x 600 x 600KS인증제품,P0000BQQ,,0,S,Y,,배송비,P0000BQQ000J
목모보드(4면면취/내추럴)두께별 x 600 x 1200KS인증제품,P0000BQR,,0,S,Y,,일반 15T x 600 x 1200,P0000BQR000A
목모보드(4면면취/내추럴)두께별 x 600 x 1200KS인증제품,P0000BQR,,0,S,Y,,일반 20T x 600 x 1200,P0000BQR000B
목모보드(4면면취/내추럴)두께별 x 600 x 1200KS인증제품,P0000BQR,,0,S,Y,,일반 25T x 600 x 1200,P0000BQR000C
목모보드(4면면취/내추럴)두께별 x 600 x 1200KS인증제품,P0000BQR,,0,S,Y,,방염 15T x 600 x 1200,P0000BQR000D
목모보드(4면면취/내추럴)두께별 x 600 x 1200KS인증제품,P0000BQR,,0,S,Y,,방염 20T x 600 x 1200,P0000BQR000E
목모보드(4면면취/내추럴)두께별 x 600 x 1200KS인증제품,P0000BQR,,0,S,Y,,방염 25T x 600 x 1200,P0000BQR000F
목모보드(4면면취/내추럴)두께별 x 600 x 1200KS인증제품,P0000BQR,,0,S,Y,,준불연 15T x 600 x 1200,P0000BQR000G
목모보드(4면면취/내추럴)두께별 x 600 x 1200KS인증제품,P0000BQR,,0,S,Y,,준불연 20T x 600 x 1200,P0000BQR000H
목모보드(4면면취/내추럴)두께별 x 600 x 1200KS인증제품,P0000BQR,,0,S,Y,,준불연 25T x 600 x 1200,P0000BQR000I
목모보드(4면면취/내추럴)두께별 x 600 x 1200KS인증제품,P0000BQR,,0,S,Y,,배송비,P0000BQR000J
재단비 결제,P0000BNF,,0,S,Y,,5mm이하,P0000BNF000A
재단비 결제,P0000BNF,,0,S,Y,,6~11.5mm,P0000BNF000B
재단비 결제,P0000BNF,,0,S,Y,,14.5~23mm,P0000BNF000C
재단비 결제,P0000BNF,,0,S,Y,,24~30mm,P0000BNF000D
재단비 결제,P0000BNF,,0,S,Y,,소송각재,P0000BNF000E
재단비 결제,P0000BNF,,0,S,Y,,각재 2x8 이하,P0000BNF000F
재단비 결제,P0000BNF,,0,S,Y,,각재 2x8 이상,P0000BNF000G
재단비 결제,P0000BNF,,0,S,Y,,템바보드,P0000BNF000H
준내수합판 (국산 KS)1220 x 2440mm,P0000BNE,,0,S,Y,,4.4T x 1220 x 2440 국산 ks,P0000BNE000A
준내수합판 (국산 KS)1220 x 2440mm,P0000BNE,,0,S,Y,,8.5T x 1220 x 2440 국산 ks,P0000BNE000B
준내수합판 (국산 KS)1220 x 2440mm,P0000BNE,,0,S,Y,,12T x 1220 x 2440 국산 ks,P0000BNE000C
단열재 아이소핑크/압출법보온판 ,P0000BND,,0,S,Y,,10T x 900 x 1800,P0000BND000G
단열재 아이소핑크/압출법보온판 ,P0000BND,,0,S,Y,,20T x 900 x 1800,P0000BND000H
단열재 아이소핑크/압출법보온판 ,P0000BND,,0,S,Y,,30T x 900 x 1800,P0000BND000I
단열재 아이소핑크/압출법보온판 ,P0000BND,,0,S,Y,,50T x 900 x 1800,P0000BND000J
단열재 아이소핑크/압출법보온판 ,P0000BND,,0,S,Y,,100T x 900 x 1800,P0000BND000K
오크 미장합판(라미날 합판)1220 x 2440mm,P0000BNC,,0,S,Y,,오크 미장합판 2.7T x 1220 x 2440mm,P0000BNC000A
백색 코팅 합판(백색 포리톤)1220 x 2440mm,P0000BNB,,0,S,Y,,백색 코팅합판 2.7T x 1220 x 2440m,P0000BNB000A
무방부목15x95x3600데크재,P0000BMM,,0,S,Y,,15 x 95mm,P0000BMM000A
무방부목15x95x3600데크재,P0000BMM,,0,S,Y,,21 x 120mm,P0000BMM000B
자동연발피스 (양날) 매거진피스,P0000BMB,,0,S,Y,,6 x 25 (2000PCS/1박스),P0000BMB000A
자동연발피스 (양날) 매거진피스,P0000BMB,,0,S,Y,,6 x 32 (1000PCS/1박스),P0000BMB000B
자동연발피스 (양날) 매거진피스,P0000BMB,,0,S,Y,,6 x 38 (1000PCS/1박스),P0000BMB000C
자동연발피스 (양날) 매거진피스,P0000BMB,,0,S,Y,,3 x 21 (2000PCS/1박스) 코팅,P0000BMB000D
윙스크류 양날피스,P0000BMA,,0,S,Y,,8 x 25 (500pcs),P0000BMA000A
윙스크류 양날피스,P0000BMA,,0,S,Y,,8 x 32 (500pcs),P0000BMA000B
윙스크류 양날피스,P0000BMA,,0,S,Y,,8 x 38 (500pcs),P0000BMA000C
윙스크류 양날피스,P0000BMA,,0,S,Y,,8 x 45 (500pcs),P0000BMA000D
윙스크류 양날피스,P0000BMA,,0,S,Y,,8 x 55 (300pcs),P0000BMA000E
반코팅 장갑 (1타/10개),P0000BLZ,,0,S,Y,,1타 (10개),P0000BLZ000A
자동연발피스 (외날) 매거진피스,P0000BLY,,0,S,Y,,6 x 25 (2000PCS/1박스),P0000BLY000A
자동연발피스 (외날) 매거진피스,P0000BLY,,0,S,Y,,6 x 32 (1000PCS/1박스),P0000BLY000B
자동연발피스 (외날) 매거진피스,P0000BLY,,0,S,Y,,6 x 38 (1000PCS/1박스),P0000BLY000C
자동연발피스 (외날) 매거진피스,P0000BLY,,0,S,Y,,3 x 21 (2000PCS/1박스) 코팅,P0000BLY000D
자동연발피스 (외날) 매거진피스,P0000BLY,,0,S,Y,,6 x 25 (2000PCS/1박스) 코팅,P0000BLY000E
씽크경첩 110도 18T 일반 / 유압,P0000BLX,,0,S,Y,,일반 씽크경첩(110도),P0000BLX000A
씽크경첩 110도 18T 일반 / 유압,P0000BLX,,0,S,Y,,유압 씽크경첩(110도),P0000BLX000B
3단 고급 서랍레일피스포함,P0000BLV,,0,S,Y,,300mm,P0000BLV000A
3단 고급 서랍레일피스포함,P0000BLV,,0,S,Y,,350mm,P0000BLV000B
3단 고급 서랍레일피스포함,P0000BLV,,0,S,Y,,400mm,P0000BLV000C
3단 고급 서랍레일피스포함,P0000BLV,,0,S,Y,,450mm,P0000BLV000D
KCC/벽산 그라스울 (1봉지/28장)24K 50 x 450 x 1000,P0000BLR,,0,S,Y,,24K 50 x 450 x 1000,P0000BLR000D
KCC/벽산 그라스울 (1봉지/28장)24K 50 x 450 x 1000,P0000BLR,,0,S,Y,,번들단가,P0000BLR000E
플로베니아 백색 900*1800,P0000BLQ,,0,S,Y,,풀로베니아(플라스틱) 보양재 3T x 900 x 1800,P0000BLQ000A
플로베니아 백색 900*1800,P0000BLQ,,0,S,Y,,종이 롤보양재 3T x 1100 x 40M,P0000BLQ000B
자나무(미장용)56 x 2440mm,P0000BLN,,0,S,Y,,11.5T x 56mm x 2440mm (1개),P0000BLN000A
자나무(미장용)56 x 2440mm,P0000BLN,,0,S,Y,,11.5T x 56mm x 2440mm (1단/10ea),P0000BLN000B
실리콘 마감용 헤라,P0000BLC,,0,S,Y,,실리콘 마감용 헤라 (소),P0000BLC000A
실리콘 마감용 헤라,P0000BLC,,0,S,Y,,실리콘 마감용 헤라 (중),P0000BLC000B
실리콘 마감용 헤라,P0000BLC,,0,S,Y,,실리콘 마감용 헤라 (대),P0000BLC000C
폼본드 단열재 접착재,P0000BLB,,0,S,Y,,타이거 이지본드,P0000BLB000A
폼본드 단열재 접착재,P0000BLB,,0,S,Y,,월드 폼본드,P0000BLB000B
브라운 애쉬 집성판솔리드,P0000BLA,,0,S,Y,,20T x 915 x 1900,P0000BLA000A
브라운 애쉬 집성판솔리드,P0000BLA,,0,S,Y,,20T x 915 x 2000,P0000BLA000B
브라운 애쉬 집성판솔리드,P0000BLA,,0,S,Y,,20T x 915 x 2200,P0000BLA000C
브라운 애쉬 집성판솔리드,P0000BLA,,0,S,Y,,-------------------,P0000BLA000D
브라운 애쉬 집성판솔리드,P0000BLA,,0,S,Y,,20 x 1000 x 1800,P0000BLA000E
브라운 애쉬 집성판솔리드,P0000BLA,,0,S,Y,,20 x 1000 x 2100,P0000BLA000F
브라운 애쉬 집성판솔리드,P0000BLA,,0,S,Y,,20 x 1000 x 2400,P0000BLA000G
월넛 솔리드 집성판솔리드,P0000BKZ,,0,S,Y,,20T x 1000 x 1800,P0000BKZ000A
월넛 솔리드 집성판솔리드,P0000BKZ,,0,S,Y,,20T x 1000 x 2120,P0000BKZ000B
월넛 솔리드 집성판솔리드,P0000BKZ,,0,S,Y,,20T x 1000 x 2400,P0000BKZ000C
월넛 솔리드 집성판솔리드,P0000BKZ,,0,S,Y,,25T x 920 x 2100,P0000BKZ000D
월넛 솔리드 집성판솔리드,P0000BKZ,,0,S,Y,,25T x 920 x 2400,P0000BKZ000E
월넛 솔리드 집성판솔리드,P0000BKZ,,0,S,Y,,30T x 920 x 1800,P0000BKZ000F
월넛 솔리드 집성판솔리드,P0000BKZ,,0,S,Y,,30T x 920 x 2100,P0000BKZ000G
월넛 솔리드 집성판솔리드,P0000BKZ,,0,S,Y,,30T x 920 x 2400,P0000BKZ000H
미송합판(양면무절)1220 x 2440mm,P0000BKX,,0,S,Y,,미송합판 4.5T,P0000BKX000A
미송합판(양면무절)1220 x 2440mm,P0000BKX,,0,S,Y,,미송합판 6.5T,P0000BKX000B
미송합판(양면무절)1220 x 2440mm,P0000BKX,,0,S,Y,,미송합판 9T,P0000BKX000C
미송합판(양면무절)1220 x 2440mm,P0000BKX,,0,S,Y,,미송합판 12T,P0000BKX000D
미송합판(양면무절)1220 x 2440mm,P0000BKX,,0,S,Y,,미송합판 15T,P0000BKX000E
미송합판(양면무절)1220 x 2440mm,P0000BKX,,0,S,Y,,미송합판 18T,P0000BKX000F
티크 집성판사이드핑거,P0000BKV,,0,S,Y,,15T x 910 x 2440,P0000BKV000A
티크 집성판사이드핑거,P0000BKV,,0,S,Y,,18T x 910 x 2440,P0000BKV000B
티크 집성판사이드핑거,P0000BKV,,0,S,Y,,24T x 910 x 2440,P0000BKV000C
티크 집성판사이드핑거,P0000BKV,,0,S,Y,,30T x 910 x 2440,P0000BKV000D
티크 집성판사이드핑거,P0000BKV,,0,S,Y,,18T x 1220 x 2440,P0000BKV000E
티크 집성판사이드핑거,P0000BKV,,0,S,Y,,24T x 1220 x 2440,P0000BKV000F
티크 집성판사이드핑거,P0000BKV,,0,S,Y,,30T x 1220 x 2440,P0000BKV000G
탄화 애쉬(물푸레나무)집성판사이드핑거 15T x 1200 x 2400mm,P0000BKU,,0,S,Y,,15T x 1200 x 2400,P0000BKU000A
"합판문/문틀735,835,935",P0000BJX,,0,S,Y,,[합판문] 36 x 735 x 1935,P0000BJX000A
"합판문/문틀735,835,935",P0000BJX,,0,S,Y,,[합판문] 36 x 735 x 2035,P0000BJX000B
"합판문/문틀735,835,935",P0000BJX,,0,S,Y,,[합판문] 36 x 835 x 2035,P0000BJX000C
"합판문/문틀735,835,935",P0000BJX,,0,S,Y,,[합판문] 36 x 935 x 2035,P0000BJX000D
"합판문/문틀735,835,935",P0000BJX,,0,S,Y,,[문틀식기유] 110 x 800 x 2000,P0000BJX000E
"합판문/문틀735,835,935",P0000BJX,,0,S,Y,,[문틀식기무] 110 x 800 x 2000,P0000BJX000F
"합판문/문틀735,835,935",P0000BJX,,0,S,Y,,[문틀식기유] 110 x 800 x 2100,P0000BJX000G
"합판문/문틀735,835,935",P0000BJX,,0,S,Y,,[문틀식기유] 110 x 900 x 2100,P0000BJX000H
"합판문/문틀735,835,935",P0000BJX,,0,S,Y,,[문틀식기무] 110 x 900 x 2100,P0000BJX000I
멀바우 집성판사이드핑거,P0000BJU,,0,S,Y,,12T x 910 x 2400,P0000BJU000A
멀바우 집성판사이드핑거,P0000BJU,,0,S,Y,,15T x 910 x 2400,P0000BJU000B
멀바우 집성판사이드핑거,P0000BJU,,0,S,Y,,18T x 910 x 2400,P0000BJU000C
멀바우 집성판사이드핑거,P0000BJU,,0,S,Y,,24T x 910 x 2400,P0000BJU000D
멀바우 집성판사이드핑거,P0000BJU,,0,S,Y,,30T x 910 x 2400,P0000BJU000E
멀바우 집성판사이드핑거,P0000BJU,,0,S,Y,,------------------,P0000BJU000F
멀바우 집성판사이드핑거,P0000BJU,,0,S,Y,,12T x 1220 x 2440,P0000BJU000G
멀바우 집성판사이드핑거,P0000BJU,,0,S,Y,,15T x 1220 x 2440,P0000BJU000H
멀바우 집성판사이드핑거,P0000BJU,,0,S,Y,,18T x 1220 x 2440,P0000BJU000I
멀바우 집성판사이드핑거,P0000BJU,,0,S,Y,,24T X 1220 X 2440,P0000BJU000J
멀바우 집성판사이드핑거,P0000BJU,,0,S,Y,,30T x 1220 x 2440,P0000BJU000K
아연피스 ( 목재용 나팔머리 외날피스 ) 델타,P0000BJT,,0,S,Y,,6 x 25 (1000pcs),P0000BJT000A
아연피스 ( 목재용 나팔머리 외날피스 ) 델타,P0000BJT,,0,S,Y,,6 x 32 (1000pcs),P0000BJT000B
아연피스 ( 목재용 나팔머리 외날피스 ) 델타,P0000BJT,,0,S,Y,,6 x 38 (500pcs),P0000BJT000C
아연피스 ( 목재용 나팔머리 외날피스 ) 델타,P0000BJT,,0,S,Y,,6 x 50 (500pcs),P0000BJT000D
아연피스 ( 목재용 나팔머리 외날피스 ) 델타,P0000BJT,,0,S,Y,,6 x 65 (300pcs),P0000BJT000E
아연피스 ( 목재용 나팔머리 외날피스 ) 델타,P0000BJT,,0,S,Y,,6 x 75 (300pcs),P0000BJT000F
아연피스 ( 목재용 나팔머리 외날피스 ) 델타,P0000BJT,,0,S,Y,,6 x 90 (200pcs),P0000BJT000G
월넛 집성판사이드핑거,P0000BJQ,,0,S,Y,,18T x 910 x 2400,P0000BJQ000A
월넛 집성판사이드핑거,P0000BJQ,,0,S,Y,,18T x 910 x 2440,P0000BJQ000B
월넛 집성판사이드핑거,P0000BJQ,,0,S,Y,,24T x 910 x 2440,P0000BJQ000C
월넛 집성판사이드핑거,P0000BJQ,,0,S,Y,,30T x 915 x 2300,P0000BJQ000D
쏘노클린후로링,P0000BJI,,0,S,Y,,15 x 90 x 1820 (오리지널),P0000BJI000A
쏘노클린후로링,P0000BJI,,0,S,Y,,15 x 150 x 1820 (단판),P0000BJI000B
쏘노클린후로링,P0000BJI,,0,S,Y,,15 x 150 x 1820 (오리지널),P0000BJI000C
쏘노클린계단재,P0000BJH,,0,S,Y,,30T x 300 x 3600 코팅,P0000BJH000A
쏘노클린계단재,P0000BJH,,0,S,Y,,30T x 300 x 3600 무코팅,P0000BJH000B
쏘노클린 집성판사이드핑거,P0000BJG,,0,S,Y,,18T x 910 x 2440,P0000BJG000A
쏘노클린 집성판사이드핑거,P0000BJG,,0,S,Y,,24T x 910 x 2440,P0000BJG000B
쏘노클린 집성판사이드핑거,P0000BJG,,0,S,Y,,30T x 910 x 2440,P0000BJG000C
쏘노클린 집성판사이드핑거,P0000BJG,,0,S,Y,,30T x 300 x 3600,P0000BJG000D
스텐 접시 양날피스,P0000BJE,,0,S,Y,,스텐 접시 양날피스 8 x 25 (소),P0000BJE000A
스텐 접시 양날피스,P0000BJE,,0,S,Y,,스텐 접시 양날피스 8 x 25 (대),P0000BJE000B
스텐 접시 양날피스,P0000BJE,,0,S,Y,,스텐 접시 양날피스 8 x 32,P0000BJE000C
스텐 접시 양날피스,P0000BJE,,0,S,Y,,스텐 접시 양날피스 8 x 38,P0000BJE000D
스텐 접시 양날피스,P0000BJE,,0,S,Y,,스텐 접시 양날피스 8 x 50,P0000BJE000E
"6단위실타카핀(615,618,625,630)",P0000BJD,,0,S,Y,,실타카핀615,P0000BJD000A
"6단위실타카핀(615,618,625,630)",P0000BJD,,0,S,Y,,실타카핀618,P0000BJD000B
"6단위실타카핀(615,618,625,630)",P0000BJD,,0,S,Y,,실타카핀625,P0000BJD000C
"6단위실타카핀(615,618,625,630)",P0000BJD,,0,S,Y,,실타카핀630,P0000BJD000D
"AFH-4350 이지경첩실버,골드,화이트,블랙",P0000BJC,,0,S,Y,,이지경첩 - 실버,P0000BJC000A
"AFH-4350 이지경첩실버,골드,화이트,블랙",P0000BJC,,0,S,Y,,이지경첩 - 골드,P0000BJC000B
"AFH-4350 이지경첩실버,골드,화이트,블랙",P0000BJC,,0,S,Y,,이지경첩 - 백색,P0000BJC000C
"AFH-4350 이지경첩실버,골드,화이트,블랙",P0000BJC,,0,S,Y,,이지경첩 - 블랙,P0000BJC000D
알루미늄 점검구,P0000BJB,,0,S,Y,,알루미늄 점검구 300 x 300,P0000BJB000A
알루미늄 점검구,P0000BJB,,0,S,Y,,알루미늄 점검구 400 x 400,P0000BJB000B
알루미늄 점검구,P0000BJB,,0,S,Y,,알루미늄 점검구 450 x 450,P0000BJB000C
알루미늄 점검구,P0000BJB,,0,S,Y,,알루미늄 점검구 600 x 600,P0000BJB000D
접시머리 양날피스(황색),P0000BJA,,0,S,Y,,접시머리 양날피스 8 x 13 (1000pcs),P0000BJA000A
접시머리 양날피스(황색),P0000BJA,,0,S,Y,,접시머리 양날피스 8 x 25 (500pcs),P0000BJA000B
접시머리 양날피스(황색),P0000BJA,,0,S,Y,,접시머리 양날피스 8 x 32 (500pcs),P0000BJA000C
접시머리 양날피스(황색),P0000BJA,,0,S,Y,,접시머리 양날피스 8 x 38 (500pcs),P0000BJA000D
접시머리 양날피스(황색),P0000BJA,,0,S,Y,,접시머리 양날피스 8 x 50 (500pcs),P0000BJA000E
"톱날 ( 대건금속, 타지마 )",P0000BIZ,,0,S,Y,,톱날 265 mm / 대건금속,P0000BIZ000A
"톱날 ( 대건금속, 타지마 )",P0000BIZ,,0,S,Y,,톱날 265 mm / 타지마,P0000BIZ000B
"톱날 ( 대건금속, 타지마 )",P0000BIZ,,0,S,Y,,톱날 300 mm / 대건금속,P0000BIZ000C
"톱날 ( 대건금속, 타지마 )",P0000BIZ,,0,S,Y,,톱날 300 mm / 타지마,P0000BIZ000D
"톱날 ( 대건금속, 타지마 )",P0000BIZ,,0,S,Y,,톱날 330 mm / 대건금속,P0000BIZ000E
"톱날 ( 대건금속, 타지마 )",P0000BIZ,,0,S,Y,,톱날 330 mm / 타지마,P0000BIZ000F
평붓,P0000BIY,,0,S,Y,,평 붓 2인치,P0000BIY000A
평붓,P0000BIY,,0,S,Y,,평 붓 3인치,P0000BIY000B
평붓,P0000BIY,,0,S,Y,,평 붓 4인치,P0000BIY000C
평붓,P0000BIY,,0,S,Y,,평 붓 5인치,P0000BIY000D
제일타카 1850A타카총/에어타카,P0000BIS,,0,S,Y,,F30 타카총,P0000BIS000A
제일타카 1850A타카총/에어타카,P0000BIS,,0,S,Y,,630 타카총,P0000BIS000B
제일타카 1850A타카총/에어타카,P0000BIS,,0,S,Y,,422 타카총,P0000BIS000C
제일타카 1850A타카총/에어타카,P0000BIS,,0,S,Y,,1850A 타카총,P0000BIS000D
제일타카 1850A타카총/에어타카,P0000BIS,,0,S,Y,,CT64 타카총,P0000BIS000E
제일타카 1850A타카총/에어타카,P0000BIS,,0,S,Y,,T64 타카총,P0000BIS000F
"F단위타카핀(15,20,25,30,40,50)",P0000BIR,,0,S,Y,,F 15,P0000BIR000A
"F단위타카핀(15,20,25,30,40,50)",P0000BIR,,0,S,Y,,F 20,P0000BIR000B
"F단위타카핀(15,20,25,30,40,50)",P0000BIR,,0,S,Y,,F 25,P0000BIR000C
"F단위타카핀(15,20,25,30,40,50)",P0000BIR,,0,S,Y,,F 30,P0000BIR000D
"F단위타카핀(15,20,25,30,40,50)",P0000BIR,,0,S,Y,,F 40,P0000BIR000E
"F단위타카핀(15,20,25,30,40,50)",P0000BIR,,0,S,Y,,F 50,P0000BIR000F
"J단위타카핀(416,149,422,1022)",P0000BIP,,0,S,Y,,핀 416J,P0000BIP000A
"J단위타카핀(416,149,422,1022)",P0000BIP,,0,S,Y,,핀 419J,P0000BIP000B
"J단위타카핀(416,149,422,1022)",P0000BIP,,0,S,Y,,핀 422J,P0000BIP000C
"J단위타카핀(416,149,422,1022)",P0000BIP,,0,S,Y,,핀 1010J,P0000BIP000D
"J단위타카핀(416,149,422,1022)",P0000BIP,,0,S,Y,,핀 1022J,P0000BIP000E
아스펜 집성판사이드핑거,P0000BIN,,0,S,Y,,아스펜 S/F 18T x 1220 x 2440,P0000BIN000A
아스펜 집성판사이드핑거,P0000BIN,,0,S,Y,,아스펜 S/F 24T x 1220 x 2440,P0000BIN000B
엘더(오리나무)집성판사이드핑거,P0000BIK,,0,S,Y,,18T x 1200 x 2400,P0000BIK000A
엘더(오리나무)집성판사이드핑거,P0000BIK,,0,S,Y,,20T x 1200 x 2400,P0000BIK000B
엘더(오리나무)집성판사이드핑거,P0000BIK,,0,S,Y,,25T x 1200 x 2400,P0000BIK000C
엘더(오리나무)집성판사이드핑거,P0000BIK,,0,S,Y,,33T x 1200 x 2400,P0000BIK000D
엘더(오리나무)집성판사이드핑거,P0000BIK,,0,S,Y,,24T x 1200 x 2400,P0000BIK000E
히노끼루바(무절) 10T8매/단,P0000BIJ,,0,S,Y,,히노끼 루바 (통무절/8자),P0000BIJ000A
히노끼루바(무절) 10T8매/단,P0000BIJ,,0,S,Y,,히노끼 루바 (단판무절/8자),P0000BIJ000B
단열재 은박테이프열반사단열재전용,P0000BIG,,0,S,Y,,은박테이프 폭 5cm 길이 40m,P0000BIG000A
단열재열반사 단열재 (6T/10T),P0000BIB,,0,S,Y,,은박 6T 단면 접착 (50m),P0000BIB000A
단열재열반사 단열재 (6T/10T),P0000BIB,,0,S,Y,,은박 10T 양면 접착 (25m),P0000BIB000B
단열재열반사 단열재 (6T/10T),P0000BIB,,0,S,Y,,기타규격,P0000BIB000C
멀바우19x90데크재,P0000BHU,,0,S,Y,,멀바우 19 x 90 x 1800,P0000BHU000A
멀바우19x90데크재,P0000BHU,,0,S,Y,,멀바우 19 x 90 x 2100,P0000BHU000B
멀바우19x90데크재,P0000BHU,,0,S,Y,,멀바우 19 x 90 x 2400,P0000BHU000C
멀바우19x90데크재,P0000BHU,,0,S,Y,,멀바우 19 x 90 x 2700,P0000BHU000D
멀바우19x90데크재,P0000BHU,,0,S,Y,,멀바우 19 x 90 x 3000,P0000BHU000E
멀바우19x90데크재,P0000BHU,,0,S,Y,,멀바우 19 x 90 x 3300,P0000BHU000F
멀바우19x90데크재,P0000BHU,,0,S,Y,,멀바우 19 x 90 x 3600,P0000BHU000G
멀바우19x90데크재,P0000BHU,,0,S,Y,,멀바우 19 x 90 x 3900,P0000BHU000H
방킬라이19x90x2400데크재,P0000BHT,,0,S,Y,,방킬라이 19 x 90 x 1800,P0000BHT000A
방킬라이19x90x2400데크재,P0000BHT,,0,S,Y,,방킬라이 19 x 90 x 2100,P0000BHT000B
방킬라이19x90x2400데크재,P0000BHT,,0,S,Y,,방킬라이 19 x 90 x 2400,P0000BHT000C
방킬라이19x90x2400데크재,P0000BHT,,0,S,Y,,방킬라이 19 x 90 x 2700,P0000BHT000D
방킬라이19x90x2400데크재,P0000BHT,,0,S,Y,,방킬라이 19 x 90 x 3000,P0000BHT000E
방킬라이19x90x2400데크재,P0000BHT,,0,S,Y,,방킬라이 19 x 90 x 3300,P0000BHT000F
방킬라이19x90x2400데크재,P0000BHT,,0,S,Y,,방킬라이 19 x 90 x 3600,P0000BHT000G
방킬라이19x90x2400데크재,P0000BHT,,0,S,Y,,방킬라이 19 x 90 x 3900,P0000BHT000H
방킬라이19x90x2400데크재,P0000BHT,,0,S,Y,,기타규격,P0000BHT000I
스페이스 월18T x 1220 x 2440mm,P0000BHR,,0,S,Y,,스페이스월 (쫄대포함),P0000BHR000A
스페이스 월18T x 1220 x 2440mm,P0000BHR,,0,S,Y,,스페이스월 마감몰딩,P0000BHR000B
"DT단위타카핀(50,64)",P0000BHI,,0,S,Y,,DT 50,P0000BHI000A
"DT단위타카핀(50,64)",P0000BHI,,0,S,Y,,DT 64,P0000BHI000B
"ST단위타카핀(18,25,32,38,45,50,57,64)",P0000BHH,,0,S,Y,,ST 18,P0000BHH000A
"ST단위타카핀(18,25,32,38,45,50,57,64)",P0000BHH,,0,S,Y,,ST 25,P0000BHH000B
"ST단위타카핀(18,25,32,38,45,50,57,64)",P0000BHH,,0,S,Y,,ST 32,P0000BHH000C
"ST단위타카핀(18,25,32,38,45,50,57,64)",P0000BHH,,0,S,Y,,ST 38,P0000BHH000D
"ST단위타카핀(18,25,32,38,45,50,57,64)",P0000BHH,,0,S,Y,,ST 45,P0000BHH000E
"ST단위타카핀(18,25,32,38,45,50,57,64)",P0000BHH,,0,S,Y,,ST 50,P0000BHH000F
"ST단위타카핀(18,25,32,38,45,50,57,64)",P0000BHH,,0,S,Y,,ST 57,P0000BHH000G
"ST단위타카핀(18,25,32,38,45,50,57,64)",P0000BHH,,0,S,Y,,ST 64,P0000BHH000H
수용성 실리콘(아크씰),P0000BHG,,0,S,Y,,수성 실리콘 아크씰 [백색],P0000BHG000A
수용성 실리콘(아크씰),P0000BHG,,0,S,Y,,실리콘 건 (PVC 컷팅),P0000BHG000B
바이오 실리콘,P0000BHF,,0,S,Y,,바이오 실리콘 [투명],P0000BHF000A
바이오 실리콘,P0000BHF,,0,S,Y,,바이오 실리콘 [반투명],P0000BHF000B
바이오 실리콘,P0000BHF,,0,S,Y,,바이오 실리콘 [백색],P0000BHF000C
무초산형 실리콘,P0000BHE,,0,S,Y,,무초산형 실리콘 [투명],P0000BHE000A
무초산형 실리콘,P0000BHE,,0,S,Y,,무초산형 실리콘 [골드],P0000BHE000B
무초산형 실리콘,P0000BHE,,0,S,Y,,무초산형 실리콘 [밤색],P0000BHE000C
무초산형 실리콘,P0000BHE,,0,S,Y,,무초산형 실리콘 [백색],P0000BHE000D
무초산형 실리콘,P0000BHE,,0,S,Y,,무초산형 실리콘 [아이보리],P0000BHE000E
무초산형 실리콘,P0000BHE,,0,S,Y,,무초산형 실리콘 [회색],P0000BHE000F
무초산형 실리콘,P0000BHE,,0,S,Y,,무초산형 실리콘 [우드],P0000BHE000G
무초산형 실리콘,P0000BHE,,0,S,Y,,무초산형 실리콘 [흑색],P0000BHE000H
무초산형 실리콘,P0000BHE,,0,S,Y,,무초산형 실리콘 [체리],P0000BHE000I
무초산형 실리콘,P0000BHE,,0,S,Y,,무초산형 실리콘 [반투명],P0000BHE000J
무초산형 실리콘,P0000BHE,,0,S,Y,,실리콘 건 (PVC 컷팅),P0000BHE000K
실리콘 건,P0000BHD,,0,S,Y,,실리콘 건,P0000BHD000A
단열재이보드(도배용 & 페인트용),P0000BHC,,0,S,Y,,13T x 900 x 2400 (도배용),P0000BHC000A
단열재이보드(도배용 & 페인트용),P0000BHC,,0,S,Y,,23T x 900 x 2400 (도배용),P0000BHC000B
단열재이보드(도배용 & 페인트용),P0000BHC,,0,S,Y,,33T x 900 x 2400 (도배용),P0000BHC000C
단열재이보드(도배용 & 페인트용),P0000BHC,,0,S,Y,,------ 구 분 ------,P0000BHC000D
단열재이보드(도배용 & 페인트용),P0000BHC,,0,S,Y,,13T x 900 x 2400 (페인트용),P0000BHC000E
단열재이보드(도배용 & 페인트용),P0000BHC,,0,S,Y,,23T x 900 x 2400 (페인트용),P0000BHC000F
단열재이보드(도배용 & 페인트용),P0000BHC,,0,S,Y,,33T x 900 x 2400 (페인트용),P0000BHC000G
"우레탄폼 스프레이건용, 일회용, 크리너",P0000BHA,,0,S,Y,,폴리우레탄폼 일회용,P0000BHA000A
"우레탄폼 스프레이건용, 일회용, 크리너",P0000BHA,,0,S,Y,,폴리우레탄폼 건용,P0000BHA000B
"우레탄폼 스프레이건용, 일회용, 크리너",P0000BHA,,0,S,Y,,폴리우레탄폼 전용 건,P0000BHA000C
"우레탄폼 스프레이건용, 일회용, 크리너",P0000BHA,,0,S,Y,,폴리우레탄폼 전용 건 세척제,P0000BHA000D
"우레탄폼 스프레이건용, 일회용, 크리너",P0000BHA,,0,S,Y,,월드 스프레이폼,P0000BHA000E
"우레탄폼 스프레이건용, 일회용, 크리너",P0000BHA,,0,S,Y,,월드 스피드폼,P0000BHA000F
"우레탄폼 스프레이건용, 일회용, 크리너",P0000BHA,,0,S,Y,,월드 난연폼,P0000BHA000G
폴리우레탄 폼 전용 건,P0000BGZ,,0,S,Y,,폴리우레탄폼 일회용,P0000BGZ000A
폴리우레탄 폼 전용 건,P0000BGZ,,0,S,Y,,폴리우레탄폼 건용,P0000BGZ000B
폴리우레탄 폼 전용 건,P0000BGZ,,0,S,Y,,폴리우레탄폼 전용 건,P0000BGZ000C
폴리우레탄 폼 전용 건,P0000BGZ,,0,S,Y,,폴리우레탄폼 전용 건 세척제,P0000BGZ000D
목재보호용오일스테인 외부용,P0000BGY,,0,S,Y,,0.75L,P0000BGY000A
목재보호용오일스테인 외부용,P0000BGY,,0,S,Y,,3.5L,P0000BGY000B
목재보호용오일스테인 외부용,P0000BGY,,0,S,Y,,16L,P0000BGY000C
낙엽송 합판 (엠보)1220 x 2440mm,P0000BGU,,0,S,Y,,낙엽송 4.8T 1220x2440mm,P0000BGU000A
낙엽송 합판 (엠보)1220 x 2440mm,P0000BGU,,0,S,Y,,낙엽송 7.5T 1220x2440mm,P0000BGU000B
낙엽송 합판 (엠보)1220 x 2440mm,P0000BGU,,0,S,Y,,낙엽송 11.5T 1220x2440mm,P0000BGU000C
낙엽송 합판 (엠보)1220 x 2440mm,P0000BGU,,0,S,Y,,낙엽송 15T 1220x2440mm,P0000BGU000D
낙엽송 합판 (엠보)1220 x 2440mm,P0000BGU,,0,S,Y,,낙엽송 18T 1220x2440mm,P0000BGU000E
석재용 접착제 (에폭시),P0000BGS,,0,S,Y,,석재용 에폭시 (8kg),P0000BGS000A
석재용 접착제 (에폭시),P0000BGS,,0,S,Y,,석재용 에폭시 (20kg),P0000BGS000B
다용도 스프레이 접착제 707,P0000BGR,,0,S,Y,,다용도 강력스프레이 접착제,P0000BGR000A
아이소핑크(단열재 접착제) 850g,P0000BGQ,,0,S,Y,,아이소핑크 (850g),P0000BGQ000A
건축용 접착제 (하이롤G-2) 4kg,P0000BGO,,0,S,Y,,하이롤 - II (4kg),P0000BGO000A
스틱형 다용도 접착제(핫멜트+글루건),P0000BGN,,0,S,Y,,글루심(핫멜트) 1봉지(25ea),P0000BGN000A
스틱형 다용도 접착제(핫멜트+글루건),P0000BGN,,0,S,Y,,글루건,P0000BGN000B
인테리어 필름 접착제(수용성 프라이머),P0000BGM,,0,S,Y,,수용성 프라이머 1kg,P0000BGM000A
인테리어 필름 접착제(수용성 프라이머),P0000BGM,,0,S,Y,,수용성 프라이머 3kg,P0000BGM000B
목공용 본드 205,P0000BGK,,0,S,Y,,205 오공본드 (낱개),P0000BGK000A
목공용 본드 205,P0000BGK,,0,S,Y,,705 쌍곰본드 (낱개),P0000BGK000B
목공용 본드 205,P0000BGK,,0,S,Y,,205 오공본드 (1 BOX 20ea),P0000BGK000C
목공용 본드 205,P0000BGK,,0,S,Y,,705 쌍곰본드 (1 BOX 20ea),P0000BGK000D
고무나무계단재,P0000BGI,,0,S,Y,,계단재 30 x 300 x 3600,P0000BGI000A
고무나무계단재,P0000BGI,,0,S,Y,,계단재 33 x 300 x 3600,P0000BGI000B
고무나무계단재,P0000BGI,,0,S,Y,,계단재 38 x 300 x 3600,P0000BGI000C
"라왕각재라왕다루끼,한치각,심재,후지",P0000BGF,,0,S,Y,,라왕 30 x 30 x 3600 다루끼(한치각),P0000BGF000A
"라왕각재라왕다루끼,한치각,심재,후지",P0000BGF,,0,S,Y,,라왕 30 x 40 x 2100 심재,P0000BGF000B
"라왕각재라왕다루끼,한치각,심재,후지",P0000BGF,,0,S,Y,,라왕 10 x 40 x 2100 후지,P0000BGF000C
뉴송 각재,P0000BGE,,0,S,Y,,39x51x3600 1단(6개),P0000BGE000A
뉴송 각재,P0000BGE,,0,S,Y,,42x42x3600 1단(6개) 미송,P0000BGE000B
뉴송 각재,P0000BGE,,0,S,Y,,51x81x3600 1개(낱개),P0000BGE000C
뉴송 각재,P0000BGE,,0,S,Y,,81x81x3600 1개(낱개),P0000BGE000D
"소송 각재(KD)다루끼,투바이,나나부",P0000BGC,,0,S,Y,,(KD) 소송 다루끼 30x30x3600 1단,P0000BGC000A
"소송 각재(KD)다루끼,투바이,나나부",P0000BGC,,0,S,Y,,C급 소송 다루끼 30x30x3600 1단,P0000BGC000B
"소송 각재(KD)다루끼,투바이,나나부",P0000BGC,,0,S,Y,,(KD) 소송 투바이 30x69x3600 1단,P0000BGC000C
"소송 각재(KD)다루끼,투바이,나나부",P0000BGC,,0,S,Y,,(KD) 소송 다루끼 30x30x2400 1단 (8자),P0000BGC000D
"소송 각재(KD)다루끼,투바이,나나부",P0000BGC,,0,S,Y,,(KD) 소송 나나부 20x30x3600 1단,P0000BGC000E
"소송 각재(KD)다루끼,투바이,나나부",P0000BGC,,0,S,Y,,(KD) 소송 다루끼 30x30x3600 1개 (※낱개),P0000BGC000F
"소송 각재(KD)다루끼,투바이,나나부",P0000BGC,,0,S,Y,,(KD) 소송 투바이 30x69x3600 1개 (※낱개),P0000BGC000G
"내수합판 (수입 KS)910x1820mm, 1220x2440mm",P0000BGB,,0,S,Y,,12T x 910 x 1820,P0000BGB000A
"내수합판 (수입 KS)910x1820mm, 1220x2440mm",P0000BGB,,0,S,Y,,12T x 1220 x 2440,P0000BGB000B
레드파인 집성각재솔리드,P0000BFX,,0,S,Y,,45 x 45 x 2440,P0000BFX000A
레드파인 집성각재솔리드,P0000BFX,,0,S,Y,,60 x 60 x 2440,P0000BFX000B
레드파인 집성각재솔리드,P0000BFX,,0,S,Y,,75 x 75 x 2440,P0000BFX000C
아카시아계단재,P0000BFW,,0,S,Y,,계단재 30 x 300 x 3600 (유절),P0000BFW000A
라왕계단재,P0000BFV,,0,S,Y,,계단재 30 x 300 x 3600mm,P0000BFV000A
라왕계단재,P0000BFV,,0,S,Y,,계단재 38 x 300 x 3600mm,P0000BFV000B
오크(참나무)계단재,P0000BFT,,0,S,Y,,계단재 38 x 300 x 3600,P0000BFT000A
오크(참나무)계단재,P0000BFT,,0,S,Y,,계단재 38 x 610 x 3600,P0000BFT000B
오크(참나무)계단재,P0000BFT,,0,S,Y,,소봉 40 x 40 x 900,P0000BFT000C
오크(참나무)계단재,P0000BFT,,0,S,Y,,대봉 90 x 90 x 1200,P0000BFT000D
오크(참나무)계단재,P0000BFT,,0,S,Y,,반달손스침 40 x 70 x 3600,P0000BFT000E
오크(참나무)계단재,P0000BFT,,0,S,Y,,손스침 70 x 70 x 3600,P0000BFT000F
오크(참나무)계단재,P0000BFT,,0,S,Y,,계단재 30 x 300 x 3600,P0000BFT000G
애쉬(물푸레나무)계단재,P0000BFS,,0,S,Y,,계단재 38 x 300 x 3600,P0000BFS000A
애쉬(물푸레나무)계단재,P0000BFS,,0,S,Y,,계단재 33 x 300 x 3600,P0000BFS000B
애쉬(물푸레나무)계단재,P0000BFS,,0,S,Y,,계단재 33 x 610 x 3600,P0000BFS000C
애쉬(물푸레나무)계단재,P0000BFS,,0,S,Y,,계단재 38 x 610 x 3600,P0000BFS000D
애쉬(물푸레나무)계단재,P0000BFS,,0,S,Y,,소봉 40 x 40 x 900,P0000BFS000E
애쉬(물푸레나무)계단재,P0000BFS,,0,S,Y,,대봉 90 x 90 x 1200,P0000BFS000F
애쉬(물푸레나무)계단재,P0000BFS,,0,S,Y,,반달손스침 38 x 70 x 3600,P0000BFS000G
애쉬(물푸레나무)계단재,P0000BFS,,0,S,Y,,손스침 60 x 70 x 3600,P0000BFS000H
멀바우계단재,P0000BFR,,0,S,Y,,계단판 30 x 300 x 3600,P0000BFR000A
멀바우계단재,P0000BFR,,0,S,Y,,계단판 38 x 300 x 3600,P0000BFR000B
멀바우계단재,P0000BFR,,0,S,Y,,소봉 40 x 40 x 900,P0000BFR000C
멀바우계단재,P0000BFR,,0,S,Y,,대봉 90 x 90 x 1200,P0000BFR000D
멀바우계단재,P0000BFR,,0,S,Y,,반달손스침 40 x 70 x 3600,P0000BFR000E
멀바우계단재,P0000BFR,,0,S,Y,,손스침 60 x 70 x 3600,P0000BFR000F
라디에타파인계단재,P0000BFP,,0,S,Y,,계단판 30 x 300 x 3600,P0000BFP000A
라디에타파인계단재,P0000BFP,,0,S,Y,,계단판 33 x 300 x 3600,P0000BFP000B
라디에타파인계단재,P0000BFP,,0,S,Y,,계단판 33 x 610 x 3600,P0000BFP000C
라디에타파인계단재,P0000BFP,,0,S,Y,,계단판 38 x 300 x 3600,P0000BFP000D
라디에타파인계단재,P0000BFP,,0,S,Y,,계단판 38 x 300 x 4200,P0000BFP000E
라디에타파인계단재,P0000BFP,,0,S,Y,,계단판 38 x 610 x 3600,P0000BFP000F
라디에타파인계단재,P0000BFP,,0,S,Y,,소봉 40 x 40 x 900,P0000BFP000G
라디에타파인계단재,P0000BFP,,0,S,Y,,대봉 90 x 90 x 1200,P0000BFP000H
라디에타파인계단재,P0000BFP,,0,S,Y,,반봉(반쪽대봉) 45 x 90 x 1200,P0000BFP000I
라디에타파인계단재,P0000BFP,,0,S,Y,,반달손스침 40 x 70 x 3600,P0000BFP000J
라디에타파인계단재,P0000BFP,,0,S,Y,,식빵손스침 60 x 70 x 3600,P0000BFP000K
레드파인계단재,P0000BFO,,0,S,Y,,계단판 30 x 610 x 3600,P0000BFO000A
레드파인계단재,P0000BFO,,0,S,Y,,계단판 33 x 300 x 3600,P0000BFO000B
레드파인계단재,P0000BFO,,0,S,Y,,계단판 38 x 300 x 3600,P0000BFO000C
레드파인계단재,P0000BFO,,0,S,Y,,계단판 38 x 300 x 4200,P0000BFO000D
레드파인계단재,P0000BFO,,0,S,Y,,계단판 38 x 610 x 3600,P0000BFO000E
레드파인계단재,P0000BFO,,0,S,Y,,소봉 40 x 40 x 900,P0000BFO000F
레드파인계단재,P0000BFO,,0,S,Y,,대봉 90 x 90 x 1200,P0000BFO000G
레드파인계단재,P0000BFO,,0,S,Y,,반쪽대봉 45 x 90 x 1200,P0000BFO000H
레드파인계단재,P0000BFO,,0,S,Y,,반달손스침 40 x 70 x 3600,P0000BFO000I
레드파인계단재,P0000BFO,,0,S,Y,,손스침 60 x 70 x 3600,P0000BFO000J
석고본드석고보드용 접착재 25Kg 1포,P0000BFN,,0,S,Y,,집본드 25Kg 1포,P0000BFN000A
KCC차음 석고보드,P0000BFG,,0,S,Y,,12.5 x 900 x 1800mm,P0000BFG000A
KCC차음 석고보드,P0000BFG,,0,S,Y,,12.5 x 900 x 2400mm,P0000BFG000B
KCC차음 석고보드,P0000BFG,,0,S,Y,,번들단가,P0000BFG000C
GS건설자이 천연 방화석고보드,P0000BFF,,0,S,Y,,12.5T x 900 x 1800 (1236),P0000BFF000A
GS건설자이 천연 방화석고보드,P0000BFF,,0,S,Y,,번들단가,P0000BFF000B
KCC방화 석고보드,P0000BFE,,0,S,Y,,12.5T x 900 x 1800,P0000BFE000A
KCC방화 석고보드,P0000BFE,,0,S,Y,,12.5T x 900 x 2400,P0000BFE000B
KCC방화 석고보드,P0000BFE,,0,S,Y,,번들단가,P0000BFE000C
스프러스 집성판솔리드,P0000BFB,,0,S,Y,,12T x 1220 x 2440,P0000BFB000A
스프러스 집성판솔리드,P0000BFB,,0,S,Y,,15T x 1220 x 2440,P0000BFB000B
스프러스 집성판솔리드,P0000BFB,,0,S,Y,,18T x 1220 x 2440,P0000BFB000C
스프러스 집성판솔리드,P0000BFB,,0,S,Y,,24T x 1220 x 2440,P0000BFB000D
스프러스 집성판솔리드,P0000BFB,,0,S,Y,,30T x 1220 x 2440,P0000BFB000E
스프러스 집성판솔리드,P0000BFB,,0,S,Y,,45T x 1220 x 2440,P0000BFB000F
스프러스 집성판솔리드,P0000BFB,,0,S,Y,,주문재 상품,P0000BFB000G
라디에타파인솔리드,P0000BFA,,0,S,Y,,12T x 1220 x 2440 (양면유절),P0000BFA000A
라디에타파인솔리드,P0000BFA,,0,S,Y,,15T x 1220 x 2440 (양면유절),P0000BFA000B
라디에타파인솔리드,P0000BFA,,0,S,Y,,18T x 1220 x 2440 (양면유절),P0000BFA000C
라디에타파인솔리드,P0000BFA,,0,S,Y,,24T x 1220 x 2440 (양면유절),P0000BFA000D
라디에타파인솔리드,P0000BFA,,0,S,Y,,30T x 1220 x 2440 (양면유절),P0000BFA000E
라디에타파인솔리드,P0000BFA,,0,S,Y,,12T x 1220 x 2440 (양면무절),P0000BFA000F
라디에타파인솔리드,P0000BFA,,0,S,Y,,15T x 1220 x 2440 (양면무절),P0000BFA000G
라디에타파인솔리드,P0000BFA,,0,S,Y,,18T x 1220 x 2440 (양면무절),P0000BFA000H
라디에타파인솔리드,P0000BFA,,0,S,Y,,24T x 1220 x 2440 (양면무절),P0000BFA000I
라디에타파인솔리드,P0000BFA,,0,S,Y,,30T x 1220 x 2440 (양면무절),P0000BFA000J
라디에타파인솔리드,P0000BFA,,0,S,Y,,12T x 1220 x 2440 (일면무절),P0000BFA000K
라디에타파인솔리드,P0000BFA,,0,S,Y,,15T x 1220 x 2440 (일면무절),P0000BFA000L
라디에타파인솔리드,P0000BFA,,0,S,Y,,18T x 1220 x2440 (일면무절),P0000BFA000M
라디에타파인솔리드,P0000BFA,,0,S,Y,,24T x 1220 x 2440 (일면무절),P0000BFA000N
라디에타파인솔리드,P0000BFA,,0,S,Y,,30T x 1220 x 2440 (일면무절),P0000BFA000O
삼나무 집성판솔리드,P0000BEZ,,0,S,Y,,12T x 1220 x 2440,P0000BEZ000A
삼나무 집성판솔리드,P0000BEZ,,0,S,Y,,15T x 1220 x 2440,P0000BEZ000B
삼나무 집성판솔리드,P0000BEZ,,0,S,Y,,18T x 1220 x 2440,P0000BEZ000C
삼나무 집성판솔리드,P0000BEZ,,0,S,Y,,24T x 1220 x 2440,P0000BEZ000D
삼나무 집성판솔리드,P0000BEZ,,0,S,Y,,30T x 1220 x 2440,P0000BEZ000E
삼나무 집성판솔리드,P0000BEZ,,0,S,Y,,18T x 300 x 2440,P0000BEZ000F
레드파인 집성판솔리드,P0000BEY,,0,S,Y,,12T x 1220 x 2440 (솔),P0000BEY000A
레드파인 집성판솔리드,P0000BEY,,0,S,Y,,15T x 1220 x 2440 (솔),P0000BEY000B
레드파인 집성판솔리드,P0000BEY,,0,S,Y,,18T x 1220 x 2440 (솔),P0000BEY000C
레드파인 집성판솔리드,P0000BEY,,0,S,Y,,24T x 1220 x 2440 (솔),P0000BEY000D
레드파인 집성판솔리드,P0000BEY,,0,S,Y,,30T x 1220 x 2440 (솔),P0000BEY000E
레드파인 집성판솔리드,P0000BEY,,0,S,Y,,-----,P0000BEY000F
레드파인 집성판솔리드,P0000BEY,,0,S,Y,,특가할인,P0000BEY000G
히노끼(편백) 집성판솔리드(유절/무절),P0000BEX,,0,S,Y,,12T x 1220 x 2440 (유절),P0000BEX000A
히노끼(편백) 집성판솔리드(유절/무절),P0000BEX,,0,S,Y,,15T x 1220 x 2440 (유절),P0000BEX000B
히노끼(편백) 집성판솔리드(유절/무절),P0000BEX,,0,S,Y,,18T x 1220 x 2440 (유절),P0000BEX000C
히노끼(편백) 집성판솔리드(유절/무절),P0000BEX,,0,S,Y,,24T x 1220 x 2440 (유절),P0000BEX000D
히노끼(편백) 집성판솔리드(유절/무절),P0000BEX,,0,S,Y,,30T x 1220 x 2440 (유절),P0000BEX000E
히노끼(편백) 집성판솔리드(유절/무절),P0000BEX,,0,S,Y,,--------,P0000BEX000F
히노끼(편백) 집성판솔리드(유절/무절),P0000BEX,,0,S,Y,,15T x 1220 x 2440 (무절),P0000BEX000G
히노끼(편백) 집성판솔리드(유절/무절),P0000BEX,,0,S,Y,,18T x 1220 x 2440 (무절),P0000BEX000H
히노끼(편백) 집성판솔리드(유절/무절),P0000BEX,,0,S,Y,,24T x 1220 x 2440 (무절),P0000BEX000I
히노끼(편백) 집성판솔리드(유절/무절),P0000BEX,,0,S,Y,,주문재상품,P0000BEX000J
라왕 집성판사이드핑거,P0000BEW,,0,S,Y,,18T x 1220 x 2440,P0000BEW000A
라왕 집성판사이드핑거,P0000BEW,,0,S,Y,,-------------------,P0000BEW000B
라왕 집성판사이드핑거,P0000BEW,,0,S,Y,,12T x 910 x 2400,P0000BEW000C
라왕 집성판사이드핑거,P0000BEW,,0,S,Y,,15T x 910 x 2400,P0000BEW000D
라왕 집성판사이드핑거,P0000BEW,,0,S,Y,,18T x 910 x 2400,P0000BEW000E
라왕 집성판사이드핑거,P0000BEW,,0,S,Y,,24T x 910 x 2400,P0000BEW000F
라왕 집성판사이드핑거,P0000BEW,,0,S,Y,,30T x 910 x 2400,P0000BEW000G
오크 집성판사이드핑거,P0000BEV,,0,S,Y,,12T x 915 x 2300,P0000BEV000A
오크 집성판사이드핑거,P0000BEV,,0,S,Y,,15T x 915 x 2300,P0000BEV000B
오크 집성판사이드핑거,P0000BEV,,0,S,Y,,18T x 915 x 2300,P0000BEV000C
오크 집성판사이드핑거,P0000BEV,,0,S,Y,,24T x 915 x 2300,P0000BEV000D
오크 집성판사이드핑거,P0000BEV,,0,S,Y,,30T x 915 x 2300,P0000BEV000E
오크 집성판사이드핑거,P0000BEV,,0,S,Y,,-------------------,P0000BEV000F
오크 집성판사이드핑거,P0000BEV,,0,S,Y,,15T x 1220 x 2440,P0000BEV000G
오크 집성판사이드핑거,P0000BEV,,0,S,Y,,18T x 1220 x 2440,P0000BEV000H
오크 집성판사이드핑거,P0000BEV,,0,S,Y,,24T x 1220 x 2440,P0000BEV000I
오크 집성판사이드핑거,P0000BEV,,0,S,Y,,30T x 1220 x 2440,P0000BEV000J
오크 집성판사이드핑거,P0000BEV,,0,S,Y,,10장 이상 구매시 추가할인,P0000BEV000K
아카시아 집성판사이드핑거(유절&무절),P0000BEU,,0,S,Y,,15T x 1220 x 2440 (유절),P0000BEU000A
아카시아 집성판사이드핑거(유절&무절),P0000BEU,,0,S,Y,,18T x 1220 x 2440 (유절),P0000BEU000B
아카시아 집성판사이드핑거(유절&무절),P0000BEU,,0,S,Y,,24T x 1220 x 2440 (유절),P0000BEU000C
아카시아 집성판사이드핑거(유절&무절),P0000BEU,,0,S,Y,,30T x 1220 x 2440 (유절),P0000BEU000D
아카시아 집성판사이드핑거(유절&무절),P0000BEU,,0,S,Y,,------------------,P0000BEU000E
아카시아 집성판사이드핑거(유절&무절),P0000BEU,,0,S,Y,,15T x 1220 x 2440 (무절),P0000BEU000F
아카시아 집성판사이드핑거(유절&무절),P0000BEU,,0,S,Y,,18T x 1220 x 2440 (무절),P0000BEU000G
아카시아 집성판사이드핑거(유절&무절),P0000BEU,,0,S,Y,,24T x 1220 x 2440 (무절),P0000BEU000H
아카시아 집성판사이드핑거(유절&무절),P0000BEU,,0,S,Y,,30T x 1220 x 2440 (무절),P0000BEU000I
히노끼(편백) 집성판사이드핑거(유절/무절),P0000BET,,0,S,Y,,12T x 1220 x 2440 (유절),P0000BET000A
히노끼(편백) 집성판사이드핑거(유절/무절),P0000BET,,0,S,Y,,15T x 1220 x 2440 (유절),P0000BET000B
히노끼(편백) 집성판사이드핑거(유절/무절),P0000BET,,0,S,Y,,18T x 1220 x 2440 (유절),P0000BET000C
히노끼(편백) 집성판사이드핑거(유절/무절),P0000BET,,0,S,Y,,24T x 1220 x 2440 (유절),P0000BET000D
히노끼(편백) 집성판사이드핑거(유절/무절),P0000BET,,0,S,Y,,30T x 1220 x 2300 (유절),P0000BET000E
히노끼(편백) 집성판사이드핑거(유절/무절),P0000BET,,0,S,Y,,12T x 1220 x 2440 (무절),P0000BET000F
히노끼(편백) 집성판사이드핑거(유절/무절),P0000BET,,0,S,Y,,15T x 1220 x 2440 (무절),P0000BET000G
히노끼(편백) 집성판사이드핑거(유절/무절),P0000BET,,0,S,Y,,18T x 1220 x 2440 (무절),P0000BET000H
히노끼(편백) 집성판사이드핑거(유절/무절),P0000BET,,0,S,Y,,24T x 1220 x 2440 (무절),P0000BET000I
히노끼(편백) 집성판사이드핑거(유절/무절),P0000BET,,0,S,Y,,30T x 1220 x 2440 (무절),P0000BET000J
고무나무 집성판탑핑거,P0000BES,,0,S,Y,,(싸이드핑거) 12T x 1220 x 2440,P0000BES000A
고무나무 집성판탑핑거,P0000BES,,0,S,Y,,(싸이드핑거) 15T x 1220 x 2440,P0000BES000B
고무나무 집성판탑핑거,P0000BES,,0,S,Y,,(싸이드핑거) 18T x 1220 x 2440,P0000BES000C
고무나무 집성판탑핑거,P0000BES,,0,S,Y,,(싸이드핑거) 24T x 1220 x 2440,P0000BES000D
고무나무 집성판탑핑거,P0000BES,,0,S,Y,,(싸이드핑거) 30T x 1220 x 2440,P0000BES000E
고무나무 집성판탑핑거,P0000BES,,0,S,Y,,(탑핑거) 12T x 1220 x 2440,P0000BES000F
고무나무 집성판탑핑거,P0000BES,,0,S,Y,,(탑핑거) 15T x 1220 x 2440,P0000BES000G
고무나무 집성판탑핑거,P0000BES,,0,S,Y,,(탑핑거) 18T x 1220 x 2440,P0000BES000H
고무나무 집성판탑핑거,P0000BES,,0,S,Y,,(탑핑거) 24T x 1220 x 2440,P0000BES000I
고무나무 집성판탑핑거,P0000BES,,0,S,Y,,(탑핑거) 30T x 1220 x 2440,P0000BES000J
버치(자작나무) 집성판사이드핑거,P0000BER,,0,S,Y,,18T x 1220 x 2440,P0000BER000A
버치(자작나무) 집성판사이드핑거,P0000BER,,0,S,Y,,24T x 1220 x 2440,P0000BER000B
버치(자작나무) 집성판사이드핑거,P0000BER,,0,S,Y,,30T x 1220 x 2440,P0000BER000C
브라운 애쉬 집성판사이드핑거,P0000BEQ,,0,S,Y,,12T x 915 x 2300,P0000BEQ000A
브라운 애쉬 집성판사이드핑거,P0000BEQ,,0,S,Y,,15T x 915 x 2300,P0000BEQ000B
브라운 애쉬 집성판사이드핑거,P0000BEQ,,0,S,Y,,18T x 915 x 2300,P0000BEQ000C
브라운 애쉬 집성판사이드핑거,P0000BEQ,,0,S,Y,,24T x 915 x 2300,P0000BEQ000D
브라운 애쉬 집성판사이드핑거,P0000BEQ,,0,S,Y,,30T x 915 x 2300,P0000BEQ000E
브라운 애쉬 집성판사이드핑거,P0000BEQ,,0,S,Y,,-------------------,P0000BEQ000F
브라운 애쉬 집성판사이드핑거,P0000BEQ,,0,S,Y,,15T x 1220 x 2440,P0000BEQ000G
브라운 애쉬 집성판사이드핑거,P0000BEQ,,0,S,Y,,18T x 1220 x 2440,P0000BEQ000H
브라운 애쉬 집성판사이드핑거,P0000BEQ,,0,S,Y,,24T x 1220 x 2440,P0000BEQ000I
브라운 애쉬 집성판사이드핑거,P0000BEQ,,0,S,Y,,30T x 1220 x 2440,P0000BEQ000J
라디에타파인 집성판탑핑거,P0000BEO,,0,S,Y,,12T x 915 x 2300,P0000BEO000A
라디에타파인 집성판탑핑거,P0000BEO,,0,S,Y,,15T x 915 x 2300,P0000BEO000B
라디에타파인 집성판탑핑거,P0000BEO,,0,S,Y,,18T x 915 x 2300,P0000BEO000C
라디에타파인 집성판탑핑거,P0000BEO,,0,S,Y,,24T x 915 x 2300,P0000BEO000D
라디에타파인 집성판탑핑거,P0000BEO,,0,S,Y,,30T x 915 x 2300,P0000BEO000E
라디에타파인 집성판탑핑거,P0000BEO,,0,S,Y,,12T x 1220 x 2440,P0000BEO000F
라디에타파인 집성판탑핑거,P0000BEO,,0,S,Y,,15T x 1220 x 2440,P0000BEO000G
라디에타파인 집성판탑핑거,P0000BEO,,0,S,Y,,18T x 1220 x 2440,P0000BEO000H
라디에타파인 집성판탑핑거,P0000BEO,,0,S,Y,,24T x 1220 x 2440,P0000BEO000I
라디에타파인 집성판탑핑거,P0000BEO,,0,S,Y,,30T x 1220 x 2440,P0000BEO000J
마감용 구조재인테리어등급,P0000BEL,,0,S,Y,,1” X 4” (19mm X 89mm),P0000BEL000A
마감용 구조재인테리어등급,P0000BEL,,0,S,Y,,1” X 6” (19mm X 140mm),P0000BEL000B
마감용 구조재인테리어등급,P0000BEL,,0,S,Y,,1” X 8” (19mm X 184mm),P0000BEL000C
마감용 구조재인테리어등급,P0000BEL,,0,S,Y,,1” X 10” (19mm X 235mm),P0000BEL000D
마감용 구조재인테리어등급,P0000BEL,,0,S,Y,,1” X 12” (19mm X 286mm),P0000BEL000E
마감용 구조재인테리어등급,P0000BEL,,0,S,Y,,----------,P0000BEL000F
마감용 구조재인테리어등급,P0000BEL,,0,S,Y,,2” X 2” (38mm X 38mm),P0000BEL000G
마감용 구조재인테리어등급,P0000BEL,,0,S,Y,,2” X 4” (38mm X 89mm),P0000BEL000H
마감용 구조재인테리어등급,P0000BEL,,0,S,Y,,2” X 6” (38mm X 140mm),P0000BEL000I
마감용 구조재인테리어등급,P0000BEL,,0,S,Y,,2” X 8” (38mm X 184mm),P0000BEL000J
마감용 구조재인테리어등급,P0000BEL,,0,S,Y,,2” X 10” (38mm X 235mm),P0000BEL000K
마감용 구조재인테리어등급,P0000BEL,,0,S,Y,,2” X 12” (38mm X 286mm),P0000BEL000L
마감용 구조재인테리어등급,P0000BEL,,0,S,Y,,-----------,P0000BEL000M
마감용 구조재인테리어등급,P0000BEL,,0,S,Y,,60mm X 60mm,P0000BEL000N
마감용 구조재인테리어등급,P0000BEL,,0,S,Y,,70mm X 70mm,P0000BEL000O
마감용 구조재인테리어등급,P0000BEL,,0,S,Y,,90mm X 90mm,P0000BEL000P
OSB (내장용)1220 x 2440mm,P0000BEK,,0,S,Y,,8T X 1220 X 2440 (내장용),P0000BEK000A
OSB (내장용)1220 x 2440mm,P0000BEK,,0,S,Y,,11.1T X 1220 X 2440 (내장용),P0000BEK000B
OSB (내장용)1220 x 2440mm,P0000BEK,,0,S,Y,,18.3T X 1220 X 2440 (바닥용),P0000BEK000C
방부목각재/데크재,P0000BEI,,0,S,Y,,방부목 데크 25mm X 140mm,P0000BEI000A
방부목각재/데크재,P0000BEI,,0,S,Y,,방부목 데크 21mm X 120mm,P0000BEI000B
방부목각재/데크재,P0000BEI,,0,S,Y,,방부목 데크 15mm X 95mm,P0000BEI000C
방부목각재/데크재,P0000BEI,,0,S,Y,,2” X 2” (38mm X 38mm),P0000BEI000D
방부목각재/데크재,P0000BEI,,0,S,Y,,2” X 4” (38mm X 89mm),P0000BEI000E
방부목각재/데크재,P0000BEI,,0,S,Y,,2” X 6” (38mm X 140mm),P0000BEI000F
방부목각재/데크재,P0000BEI,,0,S,Y,,2” X 8” (38mm X 184mm),P0000BEI000G
방부목각재/데크재,P0000BEI,,0,S,Y,,2” X 10” (38mm X 235mm),P0000BEI000H
방부목각재/데크재,P0000BEI,,0,S,Y,,2” X 12” (38mm X 285mm),P0000BEI000I
방부목각재/데크재,P0000BEI,,0,S,Y,,4” X 4” (90mm X 90mm),P0000BEI000J
방부목각재/데크재,P0000BEI,,0,S,Y,,5” X 5” 크로바(120mm X 120mm),P0000BEI000K
방부목각재/데크재,P0000BEI,,0,S,Y,,6” X 6” 크로바(140mm X 140mm),P0000BEI000L
코아합판1220 x 2440mm,P0000BEH,,0,S,Y,,(연질)알비자 18Tx1220x2440mm,P0000BEH000A
코아합판1220 x 2440mm,P0000BEH,,0,S,Y,,(강질) 라왕 18Tx1220x2440mm,P0000BEH000B
태고합판1220 x 2440mm,P0000BEG,,0,S,Y,,태고 12T x 910 x 1820mm,P0000BEG000A
태고합판1220 x 2440mm,P0000BEG,,0,S,Y,,태고 12T x 1220 x 2440mm,P0000BEG000B
자작합판1220 x 2440mm,P0000BEF,,0,S,Y,,자작 합판 4T (S/BB) 러시아,P0000BEF000A
자작합판1220 x 2440mm,P0000BEF,,0,S,Y,,자작 합판 6T (S/BB) 러시아,P0000BEF000B
자작합판1220 x 2440mm,P0000BEF,,0,S,Y,,자작 합판 9T (S/BB) 러시아,P0000BEF000C
자작합판1220 x 2440mm,P0000BEF,,0,S,Y,,자작 합판 12T (S/BB) 러시아,P0000BEF000D
자작합판1220 x 2440mm,P0000BEF,,0,S,Y,,자작 합판 15T (S/BB) 러시아,P0000BEF000E
자작합판1220 x 2440mm,P0000BEF,,0,S,Y,,자작 합판 18T (S/BB) 러시아,P0000BEF000F
자작합판1220 x 2440mm,P0000BEF,,0,S,Y,,자작 합판 21T (S/BB) 러시아,P0000BEF000G
자작합판1220 x 2440mm,P0000BEF,,0,S,Y,,자작 합판 24T (S/BB) 러시아,P0000BEF000H
자작합판1220 x 2440mm,P0000BEF,,0,S,Y,,자작 합판 30T (S/BB) 러시아,P0000BEF000I
일반합판(수입산) 4*81220x2440mm,P0000BEE,,0,S,Y,,2.7T x 1220 x 2440 동남아산 (일반),P0000BEE000A
일반합판(수입산) 4*81220x2440mm,P0000BEE,,0,S,Y,,4.6T x 1220 x 2440 동남아산 (알비자),P0000BEE000B
일반합판(수입산) 4*81220x2440mm,P0000BEE,,0,S,Y,,4.6T x 1220 x 2440 콤비,P0000BEE000C
일반합판(수입산) 4*81220x2440mm,P0000BEE,,0,S,Y,,4.6T x 1220 x 2440 동남아산 (고급),P0000BEE000D
일반합판(수입산) 4*81220x2440mm,P0000BEE,,0,S,Y,,8.5T x 1220 x 2440 콤비,P0000BEE000E
일반합판(수입산) 4*81220x2440mm,P0000BEE,,0,S,Y,,8.5T x 1220 x 2440 동남아산 (일반),P0000BEE000F
일반합판(수입산) 4*81220x2440mm,P0000BEE,,0,S,Y,,11.5T x 1220 x 2440 콤비,P0000BEE000G
일반합판(수입산) 4*81220x2440mm,P0000BEE,,0,S,Y,,11.5T x 1220 x 2440 동남아산 (일반),P0000BEE000H
일반합판(수입산) 4*81220x2440mm,P0000BEE,,0,S,Y,,11.5T x 1220 x 2440 동남아산 (고급),P0000BEE000I
일반합판(수입산) 4*81220x2440mm,P0000BEE,,0,S,Y,,14.5T x 1220 x 2440 동남아산 (고급),P0000BEE000J
일반합판(수입산) 4*81220x2440mm,P0000BEE,,0,S,Y,,17.5T x 1220 x 2440 동남아산 (고급),P0000BEE000K
일반합판(수입산) 4*81220x2440mm,P0000BEE,,0,S,Y,,8.5T x 1220 x 2440 베트남산 (MLH),P0000BEE000L
일반합판(수입산) 4*81220x2440mm,P0000BEE,,0,S,Y,,11.5T x 1220 x 2440 베트남산 (MLH),P0000BEE000M
미송합판(유절)1220 x 2440mm,P0000BED,,0,S,Y,,미송합판 4.8T,P0000BED000A
미송합판(유절)1220 x 2440mm,P0000BED,,0,S,Y,,미송합판 7.5T,P0000BED000B
미송합판(유절)1220 x 2440mm,P0000BED,,0,S,Y,,미송합판 8.5T,P0000BED000C
미송합판(유절)1220 x 2440mm,P0000BED,,0,S,Y,,미송합판 12T,P0000BED000D
미송합판(유절)1220 x 2440mm,P0000BED,,0,S,Y,,미송합판 15T,P0000BED000E
미송합판(유절)1220 x 2440mm,P0000BED,,0,S,Y,,미송합판 18T,P0000BED000F
오징어합판 (요꼬합판)1220 x 2440mm,P0000BEC,,0,S,Y,,4T X 1220mm X 2440mm,P0000BEC000A
MDF1220 x 2440mm,P0000BEB,,0,S,Y,,2.7T 일반 MDF,P0000BEB000A
MDF1220 x 2440mm,P0000BEB,,0,S,Y,,4.5T 일반 MDF,P0000BEB000B
MDF1220 x 2440mm,P0000BEB,,0,S,Y,,6T 일반 MDF,P0000BEB000C
MDF1220 x 2440mm,P0000BEB,,0,S,Y,,9T 일반 MDF,P0000BEB000F
MDF1220 x 2440mm,P0000BEB,,0,S,Y,,12T 일반 MDF,P0000BEB000G
MDF1220 x 2440mm,P0000BEB,,0,S,Y,,15T 일반 MDF,P0000BEB000P
MDF1220 x 2440mm,P0000BEB,,0,S,Y,,18T 일반 MDF,P0000BEB000Q
MDF1220 x 2440mm,P0000BEB,,0,S,Y,,25T 일반 MDF,P0000BEB000R
MDF1220 x 2440mm,P0000BEB,,0,S,Y,,30T 일반 MDF,P0000BEB000S
MDF1220 x 2440mm,P0000BEB,,0,S,Y,,6T 고밀도 MDF,P0000BEB000T
MDF1220 x 2440mm,P0000BEB,,0,S,Y,,9T 고밀도 MDF,P0000BEB000U
MDF1220 x 2440mm,P0000BEB,,0,S,Y,,12T 고밀도 MDF,P0000BEB000V
MDF1220 x 2440mm,P0000BEB,,0,S,Y,,15T 고밀도 MDF,P0000BEB000W
MDF1220 x 2440mm,P0000BEB,,0,S,Y,,18T 고밀도 MDF,P0000BEB000X